time,close,Volume,%K,%D
1616544000,95.04,,,
1616630400,89.74,,,
1616716800,84.52,,,
1616803200,79.69,,,
1616889600,79.07,,,
1616976000,83.71,,,
1617062400,85.08,,,
1617148800,86.45,,,
1617235200,82.38,,,
1617321600,81.28,,,
1617408000,81.29,,,
1617494400,82.42,,,
1617580800,80.22,,,
1617667200,81.01,,,
1617753600,78.78,,,
1617840000,74.31,,,
1617926400,77.07,,,
1618012800,81.54,,,
1618099200,82.61,,,
1618185600,84.5,,,
1618272000,88.64,,,
1618358400,83.85,,,
1618444800,77.08,,,
1618531200,77.67,,,
1618617600,74.43,,,
1618704000,88.4,,,
1618790400,83.2,,,
1618876800,82.96,,,
1618963200,83,,,
1619049600,87.39,,,
1619136000,89.31,,,
1619222400,94.08,,,
1619308800,93.46,,,
1619395200,82.66,,,
1619481600,77.53,,,
1619568000,76.96,,,
1619654400,80.2,,,
1619740800,75.09,,,
1619827200,76.15,,,
1619913600,79.09,,,
1620000000,81.79,,,
1620086400,87.96,,,
1620172800,84.39,,,
1620259200,82.14,,,
1620345600,80.56,,,
1620432000,83.57,,,
1620518400,86.05,,,
1620604800,90.26,,,
1620691200,86.27,,,
1620777600,93.86,,,
1620864000,92.9,,,
1620950400,98.46,,,
1621036800,102.85,,,
1621123200,105.28,,,
1621209600,123.02,,,
1621296000,117.01,,,
1621382400,124.83,,,
1621468800,119.77,,,
1621555200,139.98,,,
1621641600,140.05,,,
1621728000,156.2,,,
1621814400,125.12,,,
1621900800,129.11,,,
1621987200,117.02,,,
1622073600,107.26,,,
1622160000,122.55,,,
1622246400,129.3,,,
1622332800,123.61,,,
1622419200,106.47,,,
1622505600,108.23,,,
1622592000,103.17,,,
1622678400,99.19,,,
1622764800,102.91,,,
1622851200,108.52,,,
1622937600,105.93,,,
1623024000,108.32,,,
1623110400,111.04,,,
1623196800,105.82,,,
1623283200,99.46,,,
1623369600,97.22,,,
1623456000,99.39,,,
1623542400,102.86,,,
1623628800,98.88,,,
1623715200,96.77,,,
1623801600,95.25,,,
1623888000,95.28,,,
1623974400,94.73,,,
1624060800,91.89,,,
1624147200,95.63,,,
1624233600,106.23,,,
1624320000,107.01,,,
1624406400,102.21,,,
1624492800,100.99,,,
1624579200,105.3,,,
1624665600,106.7,,,
1624752000,106.41,,,
1624838400,104.3,,,
1624924800,98.86,,,
1625011200,104.51,,,
1625097600,102.38,,,
1625184000,99.23,,,
1625270400,98.02,,,
1625356800,95.89,,,
1625443200,96.39,,,
1625529600,95.74,,,
1625616000,94.93,,,
1625702400,94.43,,,
1625788800,90.89,,,
1625875200,90.57,,,
1625961600,88.71,,,
1626048000,90.51,,,
1626134400,90.81,,,
1626220800,86.97,,,
1626307200,85.55,,,
1626393600,82.59,,,
1626480000,82.78,,,
1626566400,83.52,,,
1626652800,88.46,,,
1626739200,91.49,,,
1626825600,87.86,,,
1626912000,84.64,,,
1626998400,81.75,,,
1627084800,81.31,,,
1627171200,83.9,,,
1627257600,87.68,,,
1627344000,91.84,,,
1627430400,95.68,,,
1627516800,93.24,,,
1627603200,93.49,,,
1627689600,89.55,,,
1627776000,89.3,,,
1627862400,88.52,,,
1627948800,89.04,,,
1628035200,91.94,,,
1628121600,96.09,,,
1628208000,93.62,,,
1628294400,97.27,,,
1628380800,95.99,,,
1628467200,106.97,,,
1628553600,103.35,,,
1628640000,100.53,,,
1628726400,98.06,,,
1628812800,100.3,,,
1628899200,97.48,,,
1628985600,98.69,,,
1629072000,98.3,,,
1629158400,96.68,,,
1629244800,95.81,,,
1629331200,94.5,,,
1629417600,93.06,,,
1629504000,92.71,,,
1629590400,94.83,,,
1629676800,93.64,,,
1629763200,92.85,,,
1629849600,93.62,,,
1629936000,93.87,,,
1630022400,90.92,,,
1630108800,90.11,,,
1630195200,90.6,,,
1630281600,92.08,,,
1630368000,91.08,,,
1630454400,93.65,,,
1630540800,92.82,,,
1630627200,90.15,,,
1630713600,91.3,,,
1630800000,93.37,,,
1630886400,92.86,,,
1630972800,95.16,,,
1631059200,92.31,,,
1631145600,91.95,,,
1631232000,90.57,,,
1631318400,89.46,,,
1631404800,92.13,,,
1631491200,92.14,,,
1631577600,90.9,,,
1631664000,90.32,,,
1631750400,84.17,,,
1631836800,82.35,,,
1631923200,84.7,,,
1632009600,85.72,,,
1632096000,91.76,,,
1632182400,96.26,,,
1632268800,88.73,,,
1632355200,83.84,,,
1632441600,86.92,,,
1632528000,85.88,,,
1632614400,89.12,,,
1632700800,89.25,,,
1632787200,92.27,,,
1632873600,91.77,,,
1632960000,90.97,,,
1633046400,85.84,,,
1633132800,83.97,,,
1633219200,85.56,,,
1633305600,89.62,,,
1633392000,92.68,,,
1633478400,89.38,,,
1633564800,88.13,,,
1633651200,88.19,,,
1633737600,87.42,,,
1633824000,89.23,,,
1633910400,90.49,,,
1633996800,93.37,,,
1634083200,95,,,
1634169600,97.87,,,
1634256000,90.71,,,
1634342400,86.8,,,
1634428800,89.66,,,
1634515200,92.4,,,
1634601600,94.15,,,
1634688000,93.04,,,
1634774400,92.52,,,
1634860800,86.73,,,
1634947200,86.31,,,
1635033600,89.88,,,
1635120000,84.45,,,
1635206400,89.01,,,
1635292800,88.45,,,
1635379200,89.87,,,
1635465600,87.58,,,
1635552000,87.17,,,
1635638400,87.64,,,
1635724800,85.45,,,
1635811200,87.23,,,
1635897600,85.84,,,
1635984000,84.73,,,
1636070400,85.71,,,
1636156800,87.07,,,
1636243200,86.59,,,
1636329600,86.69,,,
1636416000,84.68,,,
1636502400,86.36,,,
1636588800,85.23,,,
1636675200,88.44,,,
1636761600,87.74,,,
1636848000,87.22,,,
1636934400,85.04,,,
1637020800,87.28,,,
1637107200,89.88,,,
1637193600,90.12,,,
1637280000,85.78,,,
1637366400,85.44,,,
1637452800,85.94,,,
1637539200,88.98,,,
1637625600,89.91,,,
1637712000,90.42,,,
1637798400,86.52,,,
1637884800,86.06,,,
1637971200,83.72,,,
1638057600,86.32,,,
1638144000,82.85,,,
1638230400,84.08,,,
1638316800,83.64,,,
1638403200,85.26,,,
1638489600,84.55,,,
1638576000,87.29,,,
1638662400,89.39,,,
1638748800,86.84,,,
1638835200,86,,,
1638921600,87.16,,,
1639008000,90.3,,,
1639094400,89.98,,,
1639180800,88.72,,,
1639267200,92.25,,,
1639353600,90.29,,,
1639440000,92.34,,,
1639526400,89.34,,,
1639612800,86.78,,,
1639699200,85.34,,,
1639785600,87.43,,,
1639872000,87.83,,,
1639958400,87.31,,,
1640044800,86.04,,,
1640131200,82.99,,,
1640217600,82.99,,,
1640304000,82.57,,,
1640390400,81.08,,,
1640476800,80.26,,,
1640563200,83.29,,,
1640649600,76.7,,,
1640736000,80.73,,,
1640822400,80.68,,,
1640908800,75.51,,,
1640995200,70.91,,,
1641081600,72.06,,,
1641168000,71.94,,,
1641254400,72.52,,,
1641340800,75.64,,,
1641427200,73.19,,,
1641513600,73.86,,,
1641600000,71.56,,,
1641686400,73.5,,,
1641772800,74.1,,,
1641859200,75.37,,,
1641945600,71.81,,,
1642032000,67.51,,,
1642118400,65.13,,,
1642204800,62.95,,,
1642291200,62.22,,,
1642377600,65.23,,,
1642464000,67.27,,,
1642550400,65.96,,,
1642636800,65.24,,,
1642723200,77.8,,,
1642809600,81,,,
1642896000,77.29,,,
1642982400,78.59,,,
1643068800,81.26,,,
1643155200,80.39,,,
1643241600,80.14,,,
1643328000,74.77,,,
1643414400,75.18,,,
1643500800,74.32,,,
1643587200,70.99,,,
1643673600,71.81,,,
1643760000,75,,,
1643846400,74.14,,,
1643932800,70.14,,,
1644019200,67.37,,,
1644105600,70.69,,,
1644192000,69.18,,,
1644278400,70.27,,,
1644364800,69.81,,,
1644451200,70.81,,,
1644537600,72.34,,,
1644624000,71.32,,,
1644710400,73.05,,,
1644796800,72.16,,,
1644883200,70.59,,,
1644969600,68.07,,,
1645056000,71.54,,,
1645142400,68.83,,,
1645228800,67.72,,,
1645315200,73.92,,,
1645401600,77.69,,,
1645488000,75.22,,,
1645574400,73.78,,,
1645660800,79.88,,,
1645747200,71.44,,,
1645833600,72.49,,,
1645920000,80.65,,,
1646006400,77.47,,,
1646092800,76.99,,,
1646179200,73.8,,,
1646265600,73.7,,,
1646352000,79.28,,,
1646438400,77.39,,,
1646524800,79.72,,,
1646611200,80.7,,,
1646697600,80.93,,,
1646784000,81.01,,,
1646870400,80.13,,,
1646956800,79.73,,,
1647043200,81.13,,,
1647129600,82.47,,,
1647216000,82.43,,,
1647302400,81.98,,,
1647388800,81.79,,,
1647475200,75.18,,,
1647561600,70.75,,,
1647648000,71.66,,,
1647734400,72.67,,,
1647820800,71.8,,,
1647907200,71.19,,,
1647993600,69.58,,9.380188157166575,
1648080000,65.47,,5.589374654122857,
1648166400,62.41,,2.767017155506364,5.9121933222652645
1648252800,66.62,,6.650064563733634,5.002152124454285
1648339200,68.62,,8.494742667404545,5.970608128881515
1648425600,63.04,,3.3480907581627024,6.164299329766961
1648512000,62.04,,2.425751706327248,4.756195043964832
1648598400,62.44,,2.7946873270614283,2.856176597183793
1648684800,64.11,,4.33499354362664,3.1851441923384383
1648771200,59.54,,0.6240249609984396,2.5845686105621692
1648857600,59.27,,0.37625034413141567,1.7784229495854982
1648944000,59.46,,0.550610259704507,0.5169618549447873
1649030400,60.55,,1.5508855648343558,0.8259153895567595
1649116800,62.89,,3.6982655776819313,1.9332538007402646
1649203200,66.06,,6.607323116454071,3.9521580863234527
1649289600,61.72,,2.6245755712581436,4.310054755131382
1649376000,62.2,,3.065063779021752,4.098987488911322
1649462400,59.74,,0.8075617142332775,2.165733688171058
1649548800,61.01,,3.6181539294414846,2.4969264742321715
1649635200,68.29,,10.186772534512322,4.8708293927290285
1649721600,65.21,,7.407741586213112,7.07088935005564
1649808000,63.61,,5.964089145538211,7.852867755421215
1649894400,62.14,,4.6377334656681395,6.003188065806488
1649980800,60.41,,3.0767842641883933,4.559535625131582
1650067200,61.05,,3.6542452404583567,3.7895876567716305
1650153600,63.58,,5.937020662275555,4.222683388974102
1650240000,63.46,,5.82874672922494,5.140004210652951
1650326400,62.46,,4.926463953803123,5.564077115101206
1650412800,62.19,,4.682847604439229,5.146019429155764
1650499200,63.49,,5.855815212487595,5.155042256909983
1650585600,61.12,,3.7174050347378844,4.752022617221571
1650672000,61.35,,3.9249300730849055,4.499383440103462
1650758400,62.62,,5.07082919787061,4.237721435231133
1650844800,65.56,,7.7235405576107565,5.573099942855424
1650931200,66.83,,8.86943968239646,7.221269812625942
1651017600,65.08,,7.29044482540828,7.961141688471833
1651104000,63.02,,5.431742308039342,7.197208938614693
1651190400,60.54,,3.1940810249932317,5.305422719480284
1651276800,62.21,,4.7008932599476685,4.442238864326747
1651363200,62.46,,4.926463953803123,4.273812746248008
1651449600,62.41,,4.881349815032028,4.83623567626094
1651536000,64.88,,7.109988270323915,5.6392673463863545
1651622400,60.59,,3.2391951637643266,5.076844416373423
1651708800,63.13,,5.530993413335741,5.29339228247466
1651795200,62.22,,4.709916087701885,4.49336822160065
1651881600,64.85,,7.082919787061259,5.774609762699629
1651968000,68.59,,10.457457367138865,7.416764413967336
1652054400,84.75,,25.038347017955424,14.192908057385182
1652140800,81.64,,22.232247586393573,19.24268399049595
1652227200,101.35,,40.01624108995758,29.09561189810219
1652313600,114.53,,51.908328070017134,38.05227224878943
1652400000,99.62,,38.455291888477845,43.45995368281752
1652486400,93.5,,32.933321302896324,41.09898042046377
1652572800,92.32,,31.868627627898572,34.41908027309091
1652659200,96.36,,35.51385004060272,33.438599657132535
1652745600,91.46,,31.09266444103581,32.8250473698457
1652832000,100.48,,39.231255075340606,35.279256518993044
1652918400,91.1,,30.76784264188396,33.69725405275346
1653004800,88.56,,28.47604439231255,32.8250473698457
1653091200,84.12,,24.469908869439685,27.904598634545394
1653177600,82.41,,22.927005323468368,25.29098619507353
1653264000,82.53,,25.735887096774196,24.377600429894077
1653350400,82.26,,30.53305934969178,26.398650589978107
1653436800,82.57,,30.907772271243797,29.058906239236588
1653523200,81.53,,29.65067085700472,30.363834159313427
1653609600,84.71,,33.4945001813127,31.35098110318707
1653696000,80.9,,28.889157500302197,30.678109512873206
1653782400,81.21,,29.26387042185422,30.549176034489705
1653868800,75.38,,22.21684999395624,26.789959305370886
1653955200,73.04,,19.388371811918297,23.62303074257625
1654041600,74.75,,21.45533663725372,21.02018614770942
1654128000,73.42,,19.8476973286595,20.230468592610503
1654214400,71.3,,17.285144445787502,19.52939280390024
1654300800,70.97,,16.886256497038563,18.006366090495188
1654387200,72.03,,18.167532938474558,17.446311293766872
1654473600,68.52,,13.92481566541762,16.326201700310246
1654560000,71.48,,17.50271969055966,16.531689431483944
1654646400,71.7,,17.76864498972562,16.398726781900965
1654732800,72.57,,18.820258672791002,18.030541117692092
1654819200,72.55,,18.796083645594102,18.461662436036907
1654905600,75.04,,21.805874531608858,19.807405616664653
1654992000,93.74,,44.40952496071558,28.337161045972845
1655078400,105.99,,59.216729118820254,41.81070953704823
1655164800,103.08,,55.6992626616705,53.10850558040212
1655251200,89.16,,37.82639378969653,50.91412852339576
1655337600,119.63,,73.66501999529521,55.73022548222075
1655424000,108.68,,60.785697482945196,57.42570375597899
1655510400,115.13,,68.3721477299459,67.6076217360621
1655596800,109.99,,62.3265114090802,63.828118873990434
1655683200,99.22,,49.65890378734415,60.119187642123414
1655769600,97.94,,48.15337567631145,53.3795969575786
1655856000,99.76,,50.29404845918608,49.36877597428056
1655942400,91.46,,40.53163961420841,46.326354583235315
1656028800,90.65,,39.578922606445545,43.46820355994668
1656115200,86.66,,34.885909197835794,38.33215713949659
1656201600,90.26,,39.120207010115266,37.86167960479887
1656288000,89.09,,37.74406022112444,37.250058809691836
1656374400,87.51,,35.885673959068455,37.58331373010273
1656460800,91.38,,40.43754410726887,38.0224260958206
1656547200,94.13,,43.67207715831568,39.99843174155101
1656633600,92.94,,42.27240649258997,42.12734258605818
1656720000,92.2,,41.4020230533992,42.44883556810162
1656806400,92.14,,41.33145142319454,41.668626989727905
1656892800,86.99,,35.27405316396141,39.33584254685172
1656979200,86.1,,34.22724064925899,36.944248412138315
1657065600,82.24,,29.68713243942601,33.06280875088214
1657152000,81.35,,28.640319924723585,30.851564337802866
1657238400,78.29,,25.04116678428605,27.789539716145217
1657324800,73.54,,19.454246059750652,24.378577589586765
1657411200,75.85,,22.17125382262996,22.222222222222225
1657497600,80.54,,27.687602916960717,23.104367599780446
1657584000,85.84,,33.92143025170548,27.926762330432055
1657670400,80.89,,28.099270759821216,29.902767976162476
1657756800,81.36,,28.652081863091034,30.224260958205914
1657843200,78.68,,25.499882380616334,27.41707833450953
1657929600,81.97,,29.369560103505055,27.840508115737478
1658016000,81.28,,28.557986356151492,27.809142946757632
1658102400,83.35,,30.992707598212178,29.640084685956243
1658188800,82.89,,30.451658433309806,30.000784129224495
1658275200,84.01,,31.76899553046342,31.071120520661808
1658361600,82.38,,29.851799576570208,30.690817846781147
1658448000,84.27,,32.07480592801693,31.231867011683523
1658534400,80.46,,27.593507410021164,29.840037638202773
1658620800,83.15,,30.757468830863328,30.14192738963381
1658707200,81.36,,28.652081863091034,29.001019367991848
1658793600,81.43,,28.734415431663145,29.381322041872508
1658880000,76.49,,22.92401787814631,26.770171724300166
1658966400,76.89,,23.394495412844034,25.017642907551163
1659052800,75.04,,21.218536814867097,22.512350035285817
1659139200,78.55,,25.34697718183956,23.320003136516902
1659225600,78.65,,25.464596565514,24.010036854073558
1659312000,77.67,,24.311926605504585,25.04116678428605
1659398400,77.81,,24.476593742648785,24.75103897122246
1659484800,75.88,,22.20653963773229,23.66501999529523
1659571200,73.65,,19.58362738179252,22.08892025405787
1659657600,71.86,,17.478240414020227,19.75613581118169
1659744000,71.7,,17.290049400141143,18.11730573198464
1659830400,73.6,,19.524817689955295,18.09770250137223
1659916800,75.16,,21.359680075276398,19.391515721790952
1660003200,74.67,,20.783345095271702,20.555947620167803
1660089600,70.92,,16.372618207480592,19.505214459342906
1660176000,71.49,,17.043048694424833,18.066337332392383
1660262400,70.25,,15.584568336861913,16.333411746255788
1660348800,70.61,,16.00799811808986,16.211871716458873
1660435200,70.87,,16.31380851564338,15.968791656865056
1660521600,70.21,,15.537520583392133,15.953109072375128
1660608000,71.53,,17.09009644789461,16.313808515643377
1660694400,75.31,,21.53610915078805,18.054575394024933
1660780800,74.82,,20.959774170783334,19.86199325648867
1660867200,81.25,,28.52270054104916,23.672861287540186
1660953600,77.7,,24.34721242060692,24.609895710813145
1661040000,79.02,,25.899788285109377,26.256567082255156
1661126400,80.35,,27.46412608797929,25.903708931231865
1661212800,77.77,,24.429545989179008,25.93115345408923
1661299200,75.59,,21.865443425076457,24.58637183407826
1661385600,73.84,,19.80710421077394,22.03403120834314
1661472000,72.65,,18.407433545048228,20.026660393632884
1661558400,73.05,,18.87791107974594,19.03081627852271
1661644800,76.18,,22.559397788755593,19.948247471183265
1661731200,73.2,,19.054340155257588,20.16388300791972
1661817600,75.77,,22.07715831569042,21.230298753234546
1661904000,75.05,,21.23029875323453,20.78726574139419
1661990400,77.84,,24.51187955775112,22.606445542225362
1662076800,74.65,,20.759821218536818,22.167333176507498
1662163200,78.18,,24.911785462244186,23.39449541284405
1662249600,76.01,,22.35944483650906,22.67701717243003
1662336000,76.88,,23.382733474476584,23.551321257743286
1662422400,81.38,,28.675605739825915,24.805928016937198
1662508800,76.13,,22.500588096918364,24.852975770406967
1662595200,75.72,,22.018348623853207,24.398180820199173
1662681600,75.15,,21.347918136908966,21.955618285893525
1662768000,78.15,,24.876499647141852,22.74758880263469
1662854400,78.93,,25.793930839802407,24.006116207951084
1662940800,79.15,,26.052693483886145,25.57437465694348
1663027200,81.08,,28.32274758880263,26.723123970830404
1663113600,78.2,,24.935309338979067,26.436916803889293
1663200000,76.05,,22.40649258997882,25.22151650592019
1663286400,70.6,,15.99623617972241,21.112679369560112
1663372800,69.13,,14.267231239708297,17.556653336469854
1663459200,74.93,,21.089155492825224,17.11754097075199
1663545600,70.25,,15.584568336861913,16.980318356465155
1663632000,75.84,,22.15949188426253,19.61107190464989
1663718400,76.72,,23.194542460597503,20.31286756057398
1663804800,74.82,,20.959774170783334,22.104602838547788
1663891200,74.24,,20.277581745471647,21.477299458950828
1663977600,73.21,,19.06610209362502,20.101152669959998
1664064000,75.86,,22.18301576099741,20.508899866698027
1664150400,76.7,,23.17101858386262,21.473378812828347
1664236800,76.88,,23.382733474476584,22.91225593977887
1664323200,79.41,,26.358503881439653,24.304085313259616
1664409600,77.52,,24.135497529992936,24.625578295303058
1664496000,74.07,,20.077628793225113,23.5238767348859
1664582400,72.26,,17.948717948717952,20.720614757312
1664668800,76.46,,22.888732063043978,20.305026268329012
1664755200,70.08,,15.38461538461538,18.7406884654591
1664841600,69.87,,15.137614678899086,17.80365404218615
1664928000,71.17,,16.666666666666668,15.72963224339371
1665014400,68.73,,13.79675370501059,15.200345016858781
1665100800,66,,10.585744530698658,13.68305496745864
1665187200,64.85,,9.233121618442711,11.205206618050655
1665273600,67.51,,12.36179722418255,10.726887791107975
1665360000,68.97,,14.079040225829216,11.891319689484826
1665446400,70.6,,15.99623617972241,14.145691209911393
1665532800,70.19,,15.513996706657252,15.196424370736295
1665619200,66.12,,10.726887791107979,14.079040225829216
1665705600,62.08,,5.975064690661018,10.738649729475418
1665792000,62.67,,6.669019054340157,7.79032384536972
1665878400,63.23,,7.3276876029169555,6.657257115972713
1665964800,60.01,,3.5403434486003262,5.845683368619149
1666051200,62.27,,6.198541519642441,5.688857523719911
1666137600,60.89,,4.575394024935309,4.771426331059362
1666224000,61.44,,5.222300635144668,5.332078726574143
1666310400,62.2,,6.116207951070338,5.304634203716776
1666396800,62.14,,6.045636320865678,5.794714969026899
1666483200,64.09,,8.339214302517059,6.833686191484362
1666569600,64.31,,8.597976946600802,7.66094252332785
1666656000,65.58,,10.09174311926605,9.009644789461307
1666742400,66.29,,10.92684074335451,9.872186936407124
1666828800,61.42,,5.198776758409787,8.739120207010119
1666915200,55.08,,0.5831903945111468,5.569602632091818
1667001600,57.8,,3.693539165237274,3.1585021060527354
1667088000,60.36,,6.620926243567751,3.632551934438723
1667174400,59.62,,5.774728416237846,5.363064608347623
1667260800,59.92,,6.117781589479703,6.171145416428433
1667347200,56.45,,2.1497998856489446,4.680769963788831
1667433600,53.98,,1.123090745732255,3.1302240736202998
1667520000,54.18,,1.347708894878709,1.5401998420866354
1667606400,55.9,,3.279424977538186,1.91674153938305
1667692800,56.76,,4.245283018867925,2.95747229709494
1667779200,59.48,,7.300089847259657,4.941599281221922
1667865600,76.67,,26.606019766397125,12.717130877508234
1667952000,114.8,,69.429469901168,34.44519317160826
1668038400,93.09,,45.04716981132075,47.02755315962863
1668124800,102.18,,55.25606469002695,56.577568134171905
1668211200,102.92,,56.08715184186882,52.130128781072166
1668297600,107.89,,61.668912848158115,57.6707097933513
1668384000,98.17,,50.75247079964061,56.16951182988918
1668470400,90.02,,41.59928122192272,51.340221623240474
1668556800,98.64,,51.28032345013476,47.877358490566024
1668643200,76.97,,26.942946990116795,39.940850554058095
1668729600,74.71,,24.404761904761894,34.20934411500448
1668816000,72.37,,21.776729559748432,24.37481281820904
1668902400,80.26,,30.637915543575925,25.606469002695416
1668988800,80.81,,31.25561545372866,27.890086852351004
1669075200,79.72,,30.031446540880495,30.64165917939503
1669161600,75.27,,25.033692722371963,28.773584905660375
1669248000,72.21,,21.59703504043126,25.554058101227906
1669334400,64.87,,13.353548966756518,19.99475890985325
1669420800,65.48,,14.038634321653195,16.32973944294699
1669507200,67.12,,15.880503144654092,14.42422881102127
1669593600,67.45,,16.251123090745736,15.390086852351011
1669680000,64.81,,13.28616352201258,15.139263252470807
1669766400,64.06,,12.443845462713389,13.993710691823907
1669852800,60.04,,7.929020664869722,11.219676549865234
1669939200,58.75,,6.480233602875114,8.951033243486078
1670025600,61.16,,9.186882300089845,7.865378855944893
1670112000,61.82,,9.928122192273138,8.531746031746032
1670198400,56,,3.3917340521114134,7.502246181491465
1670284800,56.74,,4.222821203953284,5.847559149445945
1670371200,61.82,,9.928122192273138,5.847559149445945
1670457600,55.71,,3.0660377358490605,5.738993710691827
1670544000,58.7,,6.424079065588504,6.472746331236901
1670630400,59.53,,7.356244384546275,5.61545372866128
1670716800,61.8,,9.905660377358489,7.895327942497757
1670803200,61.15,,9.175651392632526,8.812518718179097
1670889600,60.66,,8.625336927223717,9.235549565738244
1670976000,55.18,,2.470799640610964,6.757262653489069
1671062400,57.74,,5.515695067264575,5.537277211699752
1671148800,63.35,,11.814818966483577,6.60043789145304
1671235200,62.28,,10.615401860777938,9.315305298175364
1671321600,66.47,,15.312184732653284,12.580801853304934
1671408000,64.11,,12.666741396704401,12.864775996711876
1671494400,60.1,,8.17172962672346,12.050218585360383
1671580800,59.11,,7.061988566304223,9.300153196577362
1671667200,56.16,,3.7551843963681133,6.329634196465265
1671753600,53.67,,0.9640174868288302,3.9270634831670552
1671840000,52.35,,0.1670006680026704,1.6287341837332052
1671926400,53.68,,1.6477399242930268,0.9262526930415097
1672012800,53.23,,1.1467379202850077,0.9871595041935688
1672099200,54.05,,2.0596749053662817,1.6180509166481059
1672185600,57.19,,5.555555555555549,2.9206561270689466
1672272000,54.58,,2.6497439323090575,3.4216581310769634
1672358400,49.83,,1.4221556886227524,3.209151725495787
1672444800,48.31,,0.7204152982307443,1.5974383063875184
1672531200,46.96,,0.2727654217373038,0.8051121361969341
1672617600,50.01,,4.375389731864478,1.7895234839441752
1672704000,48.95,,3.2737476616088186,2.6406342717368667
1672790400,46.87,,4.907055766540072,4.185397720004456
1672876800,45.46,,3.497901259244453,3.892901562464448
1672963200,43.61,,1.6490105936438122,3.351322539809446
1673049600,42.01,,0.477659468603838,1.8748571071640345
1673136000,42.74,,1.2040999104388503,1.110256657562167
1673222400,44.06,,2.517663449099414,1.3998076093807013
1673308800,45.47,,3.9207881381231937,2.5475171658871534
1673395200,47.49,,5.930938401831028,4.123129996351213
1673481600,51.42,,9.841775301024978,6.564500613659734
1673568000,61.11,,19.484525823465017,11.75241317544034
1673654400,73.69,,32.00318439645735,20.44316184031578
1673740800,70.19,,28.52025077122101,26.669320330381126
1673827200,64.92,,23.275947855508008,27.933127674395454
1673913600,63.36,,21.723554582545525,24.506584403091512
1674000000,63.33,,21.69370086575778,22.231067767937105
1674086400,56.92,,15.314956712110657,19.57740405347132
1674172800,59.48,,17.862473877997804,18.29037715195541
1674259200,65.77,,24.121803164493972,19.099744584867477
1674345600,61.99,,20.36023484923873,20.78150396391017
1674432000,64.39,,22.748532192257933,22.410190068663542
1674518400,61.33,,19.703453079908446,20.937406707135036
1674604800,61.51,,19.882575380634886,20.778186884267086
1674691200,57.03,,15.42442034033237,18.336816266958564
1674777600,55,,13.404318837695293,16.237104852887516
1674864000,54.49,,12.89680565230371,13.90851494344379
1674950400,58.92,,17.305204497959995,14.53544299598633
1675036800,56.4,,14.797492287789826,14.999834146017841
1675123200,58.82,,17.205692108667527,16.436129631472447
1675209600,58.03,,16.41954423325704,16.140909543238127
1675296000,57.71,,16.101104587521146,16.575446976481903
1675382400,54.26,,12.667927156931034,15.062858659236404
1675468800,54.17,,12.578366006567817,13.782465917006663
1675555200,55.23,,13.633197333067962,12.95983016552227
1675641600,54.56,,12.966464324808438,13.059342554814739
1675728000,53.31,,11.7225594586526,12.774073705509664
1675814400,52.99,,11.404119812916708,12.031047865459248
1675900800,51.96,,10.379142203204298,11.168607158257865
1675987200,48.68,,7.115135834411382,9.632799283510794
1676073600,47.14,,5.582645039307393,7.69230769230769
1676160000,47.47,,5.911035923972531,6.202938932563767
1676246400,50.64,,9.065578664543734,6.853086542607884
1676332800,49.17,,7.602746541944471,7.526453710153578
1676419200,52.69,,11.105582645039302,9.257969283842504
1676505600,58.79,,17.175838391879786,11.96138919295452
1676592000,60.76,,19.136232460941383,15.805884499286824
1676678400,58.36,,16.74793511792218,17.68666865691445
1676764800,59.93,,18.31027962981391,18.064815736225825
1676851200,60.74,,19.116329983082892,18.05818157693966
1676937600,60.82,,19.195939894516865,18.87418316913789
1677024000,56.83,,15.225395561747433,17.845888479782396
1677110400,54.93,,13.334660165190563,15.91866520715162
1677196800,50.51,,8.936212558463524,12.498756095133837
1677283200,50.29,,8.717285302020098,10.32938600855806
1677369600,51.35,,9.77211662852025,9.141871496334623
1677456000,50.43,,8.856602647029554,9.115334859189966
1677542400,50.36,,8.786943974524826,9.138554416691543
1677628800,54.72,,13.125684147676383,10.256410256410254
1677715200,53.71,,12.120609015822469,11.344412379341227
1677801600,52.31,,10.727435565727932,11.99124290974226
1677888000,51.58,,10.000995123892922,10.94967990181444
1677974400,50.85,,9.274554682057916,10.000995123892922
1678060800,51.78,,10.200019902477857,9.825189902809564
1678147200,51.46,,9.881580256741964,9.785384947092577
1678233600,50.12,,8.548114240222903,9.543238133147574
1678320000,54.5,,12.906756891232957,10.44548379606594
1678406400,54.21,,12.618170962284804,11.357680697913551
1678492800,59.86,,18.24062095730918,14.588516270275646
1678579200,58.91,,17.295253259030744,16.05134839287491
1678665600,62.24,,20.609015822469896,18.71496334626994
1678752000,63.47,,21.83301821076724,19.912429097422628
1678838400,64.16,,22.519653696885257,21.6538959100408
1678924800,62.45,,20.817991839984074,21.72355458254552
1679011200,66.63,,24.977609712409187,22.771751749759506
1679097600,67.25,,25.59458652602249,23.796729359471914
1679184000,73.32,,31.634988556075218,27.4023949315023
1679270400,68.24,,26.579759180017906,27.936444754038536
1679356800,70.07,,28.400835904070046,28.871861213387728
1679443200,63.89,,22.2509702457956,25.743855109961185
1679529600,66.44,,24.788536172753503,25.146780774206388
1679616000,65.08,,23.43516767837595,23.49155803230835
1679702400,61.6,,19.972136530998107,22.731946794042518
1679788800,63.22,,21.584237237536072,21.663847148970046
1679875200,62.11,,20.479649716389687,20.678674494974626
1679961600,60.14,,18.51925564732809,20.194380867084618
1680048000,64.49,,22.848044581550397,20.61564998175606
1680134400,62.75,,21.116529007861477,20.827943078913325
1680220800,58.53,,16.917106179719372,20.293893256377086
1680307200,58.15,,16.538959100407997,18.190864762662954
1680393600,60.28,,18.658572992337543,17.371546090821642
1680480000,61.83,,20.20101502637078,18.466182373038777
1680566400,59.65,,18.031644939795,18.963744319501114
1680652800,58.02,,16.409592994327795,18.21408432016453
1680739200,57.1,,15.494079012837096,16.645105648986636
1680825600,54.51,,12.916708130162203,14.94012671244237
1680912000,55.26,,13.663051049855703,14.024612730951674
1680998400,58.56,,16.946959896507114,14.508906358841678
1681084800,62.16,,20.52940591103592,17.046472285799585
1681171200,60.18,,18.559060603045076,18.67847547019604
1681257600,55.86,,14.260125385610506,17.782863966563838
1681344000,55.48,,13.881978306299128,15.567054764984908
1681430400,53.49,,11.901681759379041,13.347928483762894
1681516800,53.81,,12.220121405114936,12.667927156931038
1681603200,56.39,,14.787541048860582,12.969781404451524
1681689600,55.6,,14.001393173450094,13.669685209141875
1681776000,55.64,,14.04119812916708,14.276710783825921
1681862400,55.68,,14.081003084884065,14.04119812916708
1681948800,56.12,,14.518857597770916,14.213686270607356
1682035200,54.83,,13.235147775898096,13.945002819517695
1682121600,54.53,,12.936610608020697,13.563538660563239
1682208000,54.22,,12.628122201214047,12.933293528377616
1682294400,52.72,,11.135436361827043,12.233389723687266
1682380800,52.38,,10.797094238232662,11.520217600424587
1682467200,55.51,,13.911832023086872,11.948120874382193
1682553600,55.07,,13.473977510200019,12.72763459050652
1682640000,50.74,,9.165091053836203,12.183633529041034
1682726400,50.68,,9.10538362026072,10.581484061432318
1682812800,53.26,,11.672803264006365,9.981092646034433
1682899200,53.18,,11.593193352572392,10.790460078946497
1682985600,53.2,,11.61309583043089,11.626364149003221
1683072000,52.91,,11.32450990148273,11.510266361495342
1683158400,51.91,,10.32938600855806,11.088997246823899
1683244800,51.67,,10.090556274256144,10.581484061432317
1683331200,50.53,,8.956115036322021,9.792019106378747
1683417600,51.68,,10.10050751318539,9.715726274587857
1683504000,51.34,,9.762165389591006,9.606262646366146
1683590400,51.99,,10.408995919992037,10.09055627425615
1683676800,50.87,,9.294457159916405,9.821872823166489
1683763200,51.22,,9.642750522440041,9.7820678674495
1683849600,50.13,,8.558065479152155,9.165091053836205
1683936000,48.33,,6.766842471887747,8.32255282449332
1684022400,48.02,,6.458354065081104,7.261087338707007
1684108800,52.27,,10.687630610010947,7.970942382326605
1684195200,50.57,,8.995919992039006,8.713968222377025
1684281600,49.72,,8.150064683053037,9.277871761701002
1684368000,46.28,,4.7268384913921775,7.290941055494745
1684454400,46.53,,4.975619464623345,5.950840879689525
1684540800,46.34,,4.78654592496766,4.8296679603277335
1684627200,47.02,,5.463230172156435,5.07513185391582
1684713600,47.58,,6.020499552194245,5.423425216439452
1684800000,50.07,,8.498358045576673,6.660695923309124
1684886400,51.32,,9.742262911732508,8.087040169834482
1684972800,47.76,,6.199621852920685,8.146747603409962
1685059200,45.24,,3.6919096427505234,6.5445981358012455
1685145600,43.09,,1.5523932729624859,3.8146415895445713
1685232000,49.93,,8.359040700567219,4.534447872093415
1685318400,47.12,,5.562742561448896,5.1580588449928735
1685404800,44.68,,3.1346402627127063,5.6854745082429465
1685491200,43.93,,2.3882973430192043,3.6952267223936084
1685577600,42.13,,0.5970743357548028,2.040003980495577
1685664000,41.4,,1.47850778419661,1.487959820990212
1685750400,39.75,,0.039096862476785406,0.7048929941427393
1685836800,41.69,,2.658387503638299,1.3919973834372315
1685923200,40.11,,1.1254487241680378,1.274311030094374
1686009600,43.65,,4.560007761715334,2.781281329840557
1686096000,45.63,,6.481032308140098,4.05549626467449
1686182400,41.35,,2.32851460172698,4.456518223860804
1686268800,40.8,,1.7948966721645427,3.534814527343874
1686355200,43.37,,4.288347724847186,2.803919666246236
1686441600,42.81,,3.745027651110895,3.2760906827075407
1686528000,46.45,,7.276608130396817,5.1033278354516325
1686614400,45.38,,6.238478703793538,5.753371495100416
1686700800,44.66,,5.539924323275437,6.35167038582193
1686787200,46.63,,8.129564941251193,6.635989322773388
1686873600,45.06,,6.46766169154229,6.7123836520229725
1686960000,42.95,,4.234148406901663,6.277125013231715
1687046400,45.41,,7.777510233566089,6.1597734440033465
1687132800,45.22,,7.548759932578853,6.520139524348868
1687219200,52.71,,16.566337587286295,10.630869251143745
1687305600,55.83,,20.322658319287257,14.812585279717467
1687392000,51.05,,14.56778232602937,17.15225941086764
1687478400,52.71,,16.566337587286295,17.15225941086764
1687564800,49.15,,12.280279316156989,14.471466409824217
1687651200,49.51,,12.713700939080177,13.853439280841151
1687737600,49.51,,12.713700939080177,12.569227064772447
1687824000,48.92,,12.003371057067179,12.47692431174251
1687910400,48.44,,11.425475559836258,12.047515851994538
1687996800,43.52,,5.502046713219359,9.64363111004093
1688083200,46.06,,8.560077052732964,8.495866441929525
1688169600,46.56,,9.16205152901517,7.741391764989163
1688256000,47.88,,10.751264146400192,9.491130909382774
1688342400,49.05,,12.159884420900546,10.691066698771968
1688428800,46.61,,9.222248976643385,10.71113251464804
1688515200,46.45,,9.029617144233084,10.137250180592337
1688601600,47.96,,10.847580062605342,9.699815394493935
1688688000,45.04,,7.332049121117261,9.069748775985227
1688774400,44.01,,6.091981699975915,8.090536961232837
1688860800,43.89,,5.947507825668189,6.457179548920454
1688947200,44.26,,6.3929689381170185,6.144152821253708
1689033600,43.96,,6.031784252347697,6.124087005377635
1689120000,41.26,,2.781122080423784,5.068625090296166
1689206400,45.15,,7.464483505899344,5.425796612890275
1689292800,42.21,,3.924873585359978,4.723493057227701
1689379200,42.98,,4.85191427883457,5.41375712336463
1689465600,42.1,,3.792439200577894,4.189742354924147
1689552000,42.9,,4.755598362629419,4.466650614013961
1689638400,42.67,,4.478690103539608,4.342242555582307
1689724800,40.53,,1.9022393450517676,3.712175937073598
1689811200,41.62,,3.2145437033469713,3.1984910506461155
1689897600,38.76,,0.15591268889421378,1.7575652457643172
1689984000,39.07,,2.0200826934435923,1.7968463618949257
1690070400,39.27,,2.2563496751329044,1.4774483524902369
1690156800,38.25,,1.0513880685174253,1.775940145697974
1690243200,37.77,,1.5197568389057798,1.6091648608520364
1690329600,38.15,,1.963993453355155,1.51171278692612
1690416000,36.36,,0.023345395120807775,1.1690318957939139
1690502400,35.47,,0.482980680772771,0.8234398430829112
1690588800,34.96,,0.9670079635949959,0.49111134649619154
1690675200,36.33,,2.525597269624572,1.325195304664113
1690761600,36.77,,3.0261660978384564,2.1729237770193417
1690848000,36.56,,2.7872582480091044,2.7796738718240444
1690934400,36.82,,3.083048919226395,2.9654910883579855
1691020800,36.21,,2.3890784982935167,2.753128555176339
1691107200,34.37,,0.2957906712172901,1.9226393629124006
1691193600,33.79,,0.41765436279489493,1.0341745107685671
1691280000,34.03,,0.8005412109595229,0.5046620816572357
1691366400,36.29,,3.3487428120419427,1.5223127952654532
1691452800,39.85,,7.362724095162928,3.8373360393881306
1691539200,38.73,,6.099898522945086,5.603788476716652
1691625600,36.2,,3.2472657571315846,5.569962791746533
1691712000,32.74,,0,3.115721426692223
1691798400,32.38,,1.070640176600444,1.4393019779106755
1691884800,33.76,,2.5938189845474584,1.2214863870493005
1691971200,35.01,,3.9735099337748316,2.5459896983075776
1692057600,34.58,,3.4988962472406158,3.3554083885209685
1692144000,36.56,,5.684326710816779,4.385577630610741
1692230400,52.3,,23.057395143487852,10.746872700515084
1692316800,43.58,,13.4326710816777,14.05813097866078
1692403200,43.01,,12.803532008830018,16.431199411331857
1692489600,43.18,,12.991169977924944,13.07579102281089
1692576000,42.63,,12.384105960264902,12.72626931567329
1692662400,42.13,,11.832229580573953,12.402501839587934
1692748800,43.38,,13.211920529801326,12.476085356880063
1692835200,41.72,,11.379690949227369,12.141280353200884
1692921600,36.31,,5.408388520971305,10.000000000000002
1693008000,35.52,,4.536423841059605,7.108167770419428
1693094400,36.05,,5.121412803532005,5.02207505518764
1693180800,36.42,,5.529801324503312,5.06254598969831
1693267200,40.6,,10.143487858719647,6.931567328918323
1693353600,38.18,,7.472406181015452,7.715231788079472
1693440000,35.98,,5.044150110375272,7.553348050036791
1693526400,36.09,,5.165562913907288,5.89403973509934
1693612800,35.57,,4.591611479028697,4.933774834437088
1693699200,37.84,,7.09713024282561,5.618101545253867
1693785600,38.3,,7.604856512141276,6.431199411331863
1693872000,39.79,,9.249448123620306,7.983811626195734
1693958400,39.41,,8.830022075055183,8.561442236938923
1694044800,39.74,,9.194260485651215,9.091243561442235
1694131200,40,,9.481236203090507,9.168506254598968
1694217600,39.75,,9.205298013245033,9.293598233995587
1694304000,40.52,,10.055187637969098,9.58057395143488
1694390400,44.33,,14.260485651214124,11.173657100809422
1694476800,43.57,,13.421633554083884,12.579102281089037
1694563200,44.05,,13.951434878587193,13.87785136129507
1694649600,41.71,,11.368653421633553,12.913907284768213
1694736000,39.14,,8.532008830022074,11.284032376747609
1694822400,39.52,,8.9514348785872,9.617365710080945
1694908800,39.83,,9.293598233995581,8.925680647534953
1694995200,41.48,,11.114790286975712,9.786607799852833
1695081600,42.53,,12.27373068432671,10.894039735099335
1695168000,43.01,,12.803532008830018,12.064017660044149
1695254400,41.37,,10.993377483443705,12.023546725533478
1695340800,37.29,,6.490066225165561,10.095658572479763
1695427200,37.64,,6.876379690949227,8.119941133186167
1695513600,38.6,,7.93598233995585,7.100809418690215
1695600000,39.25,,8.653421633554084,7.821927888153055
1695686400,38.67,,8.013245033112582,8.200883002207506
1695772800,36.06,,5.13245033112583,7.266372332597499
1695859200,38.63,,7.969094922737309,7.038263428991908
1695945600,33.04,,1.799116997792493,4.966887417218547
1696032000,35.89,,4.9448123620309055,4.9043414275202375
1696118400,37.5,,6.721854304635761,4.488594554819721
1696204800,38.17,,7.461368653421634,6.376011773362769
1696291200,37.96,,7.229580573951435,7.137601177336279
1696377600,37.28,,6.479028697571745,7.0566593083149405
1696464000,36.75,,5.894039735099337,6.534216335540841
1696550400,35.06,,4.0286975717439315,5.467255334805007
1696636800,37.61,,6.843267108167769,5.588668138337014
1696723200,37.85,,7.108167770419427,5.9933774834437115
1696809600,36.81,,5.960264900662254,6.637233259749819
1696896000,38.53,,7.858719646799117,6.975717439293601
1696982400,36.88,,6.037527593818987,6.618837380426787
1697068800,35.19,,4.172185430463573,6.02281089036056
1697155200,35.37,,4.3708609271523144,4.86019131714496
1697241600,36.53,,5.6512141280353205,4.7314201618837375
1697328000,38.16,,7.45033112582781,5.824135393671817
1697414400,42.63,,12.384105960264902,8.495217071376013
1697500800,41.08,,10.673289183222954,10.16924208977189
1697587200,39.24,,8.642384105960266,10.566593083149376
1697673600,39.18,,8.57615894039735,9.297277409860193
1697760000,44.26,,14.18322295805739,10.467255334805005
1697846400,45.9,,15.993377483443705,12.917586460632817
1697932800,48.81,,19.205298013245034,16.46063281824871
1698019200,55.37,,26.44591611479028,20.548197203826337
1698105600,54.19,,25.143487858719638,23.59823399558498
1698192000,58.36,,29.746136865342162,27.11184694628403
1698278400,55.02,,26.059602649006624,26.98307579102281
1698364800,47.19,,17.417218543046353,24.40765268579838
1698451200,50.23,,20.772626931567324,21.41648270787343
1698537600,54.21,,25.165562913907284,21.11846946284032
1698624000,53.89,,24.812362030905074,23.58351729212656
1698710400,54.76,,25.772626931567327,25.25018395879323
1698796800,59.78,,31.313465783664455,27.299484915378954
1698883200,60,,31.556291390728475,29.54746136865342
1698969600,57.89,,29.22737306843267,30.699043414275206
1699056000,62.46,,34.271523178807946,31.685062545989698
1699142400,60.1,,31.666666666666664,31.72185430463576
1699228800,57.36,,28.64238410596026,31.526857983811624
1699315200,55.48,,26.56732891832229,28.958793230316406
1699401600,57.58,,28.88520971302428,28.031640912435616
1699488000,58.87,,32.7060505002382,29.386196377194924
1699574400,56.84,,31.50006193484455,31.03044071603568
1699660800,58.09,,33.048433048433054,32.4181818278386
1699747200,58.33,,33.34572030224204,32.63140509517322
1699833600,56.26,,30.781617738139477,32.391923696271526
1699920000,56.24,,34.562917594654785,32.89675187834544
1700006400,60.51,,40.50668151447661,35.28373894909029
1700092800,55.35,,35.60910307898259,36.89290072937133
1700179200,55.4,,46.152366294728736,40.75605029606265
1700265600,54.38,,44.190073105040405,41.98384749291725
1700352000,56.54,,48.34551750673336,46.22931896883417
1700438400,57.94,,51.038861100423226,47.858150570732334
1700524800,55.72,,46.76798768757214,48.71745543157624
1700611200,55.5,,49.70084588405199,49.16923155734912
1700697600,53.87,,50.313620071684575,48.92748454776957
1700784000,53.65,,51.805264383880726,50.606576779872434
1700870400,52.13,,48.26461681807594,50.12783375788041
1700956800,53.19,,50.733752620545054,50.267877940833905
1701043200,50.62,,44.747262986256686,47.91521080829256
1701129600,50.58,,44.654088050314456,46.71170121903873
1701216000,51.9,,47.7288609364081,45.71007065765975
1701302400,49.8,,42.83717679944094,45.0733752620545
1701388800,51.46,,46.703936641043555,45.75665812563087
1701475200,52.35,,48.7770789657582,46.106064135414236
1701561600,54.72,,54.29769392033542,49.92623650904574
1701648000,55.09,,55.15956207780107,52.74477832129824
1701734400,55.71,,56.60377358490565,55.353676527680726
1701820800,53.71,,51.94502678779408,54.56945415016694
1701907200,52.4,,48.89354763568599,52.48078266946192
1701993600,53.72,,51.96832052177963,50.93563164841991
1702080000,53.98,,52.573957605404125,51.145275254289935
1702166400,55.03,,55.01979967388772,53.18735926702383
1702252800,55.59,,56.32424877707897,54.63933535212362
1702339200,53.87,,52.31772653156299,54.553924994176576
1702425600,53.46,,51.36268343815513,53.33488624893238
1702512000,53.13,,50.59399021663173,51.424800062116624
1702598400,54.15,,52.96995108315862,51.64220824598184
1702684800,53.81,,52.17796412764965,51.913968475813355
1702771200,54.6,,54.01816911250873,53.05536144110568
1702857600,56.02,,57.32587933845796,54.50733752620547
1702944000,57.62,,61.052876776147194,57.465641742371304
1703030400,58.1,,62.17097600745399,60.1832440406864
1703116800,58.63,,63.405543908688564,62.20979889742993
1703203200,57.24,,60.167714884696004,61.914744933612866
1703289600,56.97,,59.53878406708594,61.03734762015685
1703376000,58.73,,63.638481248544124,61.11499340010871
1703462400,58.26,,62.543675751222914,61.90698035561767
1703548800,59.98,,66.55019799673886,64.24411833216864
1703635200,64.35,,76.72955974842766,68.60781116546316
1703721600,63.75,,75.3319357092942,72.87056448482025
1703808000,62.5,,72.42021896109945,74.82723813960712
1703894400,63.11,,73.84113673421848,73.86443046820405
1703980800,64.71,,77.56813417190773,74.60982995574189
1704067200,66.81,,82.45981830887492,77.95636307166704
1704153600,63.75,,75.3319357092942,78.45329606335895
1704240000,65.17,,78.63964593524342,78.81046665113752
1704326400,65.34,,79.03563941299791,77.66907368584516
1704412800,67.64,,84.39319822967622,80.6894945259725
1704499200,71.39,,93.12834847426042,85.51906203897818
1704585600,71.81,,94.10668530165385,90.54274400186348
1704672000,67.16,,83.27509899836943,90.17004425809455
1704758400,64.17,,76.31027253668763,84.5640189455703
1704844800,62.7,,72.88609364081061,77.49048839195589
1704931200,57.3,,60.30747728860934,69.83461448870253
1705017600,57.42,,60.58700209643605,64.593524341952
1705104000,55.07,,55.11297460982995,58.66915133162511
1705190400,56.87,,59.30584672723035,58.335274477832115
1705276800,55.96,,57.1861169345446,57.20164609053497
1705363200,55.16,,55.322618215699954,57.27152729249163
1705449600,50.79,,45.14325646401117,52.55066387141858
1705536000,48.31,,39.366410435592826,46.61076170510132
1705622400,48.04,,38.73747961798276,41.082382172528916
1705708800,47.96,,38.55112974609829,38.88500659989129
1705795200,47.82,,38.225017470300486,38.50454227812718
1705881600,48.98,,40.92709061262519,39.234412609674656
1705968000,49.59,,42.34800838574424,40.50003882288997
1706054400,47.54,,37.57279291870486,40.28263063902477
1706140800,45.01,,31.679478220358714,37.200093174935944
1706227200,43.73,,28.697880270207303,32.65005046975697
1706313600,42.43,,25.669694852084785,28.682351114216942
1706400000,45.25,,32.23852783601211,28.868700986101402
1706486400,45.36,,32.494758909853246,30.134327199316715
1706572800,46.91,,36.105287677614704,33.612858141160025
1706659200,45.79,,33.496389471232234,34.032145352900066
1706745600,44.76,,31.097134870719767,33.5662706731889
1706832000,42.41,,25.62310738411366,30.072210575355218
1706918400,41.52,,23.549965059399025,26.756735771410817
1707004800,42.69,,26.275331935709286,25.149468126407324
1707091200,42.37,,25.529932448171433,25.11840981442658
1707177600,42.87,,26.694619147449327,26.166627843776684
1707264000,43.82,,28.90752387607733,27.0440251572327
1707350400,44.91,,31.44654088050313,29.01622796800993
1707436800,47.79,,38.15513626834381,32.83640034164143
1707523200,49.91,,43.09340787328207,37.565028340709674
1707609600,51.29,,46.30794316328907,42.51882910163832
1707696000,54.28,,53.27276962497088,47.55804022051401
1707782400,52.19,,48.40437922198927,49.328364003416404
1707868800,55.13,,55.25273701374331,52.30996195356783
1707955200,55.08,,55.1362683438155,52.9311281931827
1708041600,55.24,,55.50896808758443,55.29932448171443
1708128000,56.24,,57.838341486140216,56.16119263918006
1708214400,57.24,,60.167714884696004,57.83834148614023
1708300800,56.83,,59.21267179128814,59.07290938737481
1708387200,55.63,,56.4174237130212,58.59927012966847
1708473600,54.01,,52.64383880736081,56.091311437223396
1708560000,55.38,,55.835080363382254,54.965447627921435
1708646400,52.23,,48.497554157931496,52.32549110955821
1708732800,54.18,,53.039832285115295,52.45748893547636
1708819200,55.17,,55.34591194968552,52.29443279757746
1708905600,56.05,,57.39576054041461,55.260501591738496
1708992000,58.36,,62.77661309107849,58.506095193726225
1709078400,67.76,,84.67272303750292,68.28169888966535
1709164800,65.54,,79.50151409270907,75.65028340709684
1709251200,65.37,,79.10552061495459,81.0932525817222
1709337600,65.82,,80.15373864430465,79.58692445065611
1709424000,71.72,,93.89704169578381,84.38543365168103
1709510400,74.81,,91.81298921091602,88.6212565170015
1709596800,73.19,,88.38586841548549,91.36529977406178
1709683200,74.85,,91.89760947746983,90.69882236795712
1709769600,69.68,,80.96044002538608,87.08130597278047
1709856000,71.87,,85.5933996192088,86.15048304068823
1709942400,75.04,,92.29955574360059,86.28446512939848
1710028800,80.12,,98.52346278317154,92.1388060486603
1710115200,83.02,,95.80471505476146,95.54257786051119
1710201600,78.08,,86.63449043994801,93.65422275929366
1710288000,77.5,,85.55782439205494,89.33234329558813
1710374400,74.58,,80.13736773714497,84.10989418971597
1710460800,76.7,,84.0727677742714,83.25598663449043
1710547200,75.73,,82.27213662520884,82.16075737887506
1710633600,75.93,,82.64340077965474,82.99610172637831
1710720000,74.08,,79.20920735103026,81.37491491863126
1710806400,76.61,,83.90569890477073,81.91943567848523
1710892800,77.73,,85.98477816966773,83.0332281418229
1710979200,75.26,,81.399665862261,83.7633809788998
1711065600,72.46,,76.20196770001856,81.19547057731575
1711152000,73.68,,78.4666790421385,78.689437534806
1711238400,72.62,,76.49897902357529,77.0558752552441
1711324800,76.25,,83.23742342676813,79.40102716416062
1711411200,75.39,,81.64098756265082,80.45913000433141
1711497600,75.78,,82.3649526638203,82.41445455107974
1711584000,76.53,,83.75719324299239,82.58771115648783
1711670400,73.11,,77.40857620196769,81.17690736959345
1711756800,74.93,,80.78708000742529,80.65094981746178
1711843200,76.64,,83.96138852793761,80.71901491244351
1711929600,73.81,,78.70800074252831,81.15215642596371
1712016000,74.37,,79.74754037497681,80.80564321514755
1712102400,72.45,,76.18340449229628,78.21298186993378
1712188800,72.31,,75.92351958418415,77.28482148381904
1712275200,71.96,,75.27380731390383,75.79357713012806
1712361600,72.3,,75.90495637646184,75.70076109151658
1712448000,77.43,,85.42788193799889,78.86888187612149
1712534400,76.25,,83.23742342676813,81.52342058040959
1712620800,73.69,,78.48524224986078,82.38351587154257
1712707200,72.32,,75.94208279190643,79.2215828228451
1712793600,68.42,,68.70243178021163,74.37658560732626
1712880000,66.94,,65.95507703731204,70.19986386981002
1712966400,72.95,,77.111564878411,70.5896912319782
1713052800,71.99,,75.32949693707072,72.79871295093123
1713139200,70.48,,72.52645257100428,74.98917146216199
1713225600,70.88,,73.26898087989603,73.70831012932366
1713312000,70.72,,72.97196955633933,72.92246766907986
1713398400,69.98,,71.59829218488956,72.61308087370828
1713484800,70.4,,72.37794690922593,72.3160695501516
1713571200,71.98,,75.31093372934845,73.09572427448796
1713657600,72.05,,75.44087618340448,74.37658560732628
1713744000,69.37,,70.4659365138296,73.73924880886084
1713830400,64.16,,60.794505290514195,68.90043932924942
1713916800,62.44,,57.601633562279545,62.954025122207774
1714003200,59.29,,51.75422312975682,56.71678732751684
1714089600,55.12,,44.01336550956004,51.123074067198786
1714176000,54.69,,43.215147577501384,46.327578738939394
1714262400,56.79,,47.113421199183215,44.78064476208152
1714348800,55.33,,44.40319287172823,44.91058721613759
1714435200,59.81,,52.719509931316125,48.0787080007425
1714521600,61.22,,55.336922220159636,50.819875007734645
1714608000,56.77,,47.07629478373863,51.71090897840478
1714694400,55.88,,45.42416929645443,49.27912876678422
1714780800,56.89,,47.299053276406156,46.599839118866385
1714867200,58.65,,50.56617783552998,47.7631334694635
1714953600,55.57,,44.8487098570633,47.571313656333125
1715040000,53.76,,41.48876925932801,45.634552317307076
1715126400,55.43,,44.58882494895118,43.64210135511414
1715212800,52.17,,38.5372192314832,41.53827114658744
1715299200,54.27,,42.43549285316503,41.853845677866445
1715385600,54.17,,42.24986077594208,41.074190953530085
1715472000,54.52,,42.89957304622239,42.52830889177648
1715558400,56.13,,45.88824948951179,43.67922777055873
1715644800,56.23,,46.07388156673472,44.953901367489614
1715731200,58.61,,50.4919250046408,47.48468535362908
1715817600,57.49,,48.41284573974382,48.32621743703976
1715904000,55.26,,44.27325041767217,47.72600705401891
1715990400,56.67,,46.890662706515684,46.525586287977205
1716076800,57.32,,48.09727120846482,46.420394777550875
1716163200,61.94,,56.673473176164826,50.553802363715086
1716249600,58.59,,50.454798589196216,51.741847657941925
1716336000,56.8,,47.1319844069055,51.420085390755496
1716422400,53.18,,40.41210321143493,45.999628735845526
1716508800,52.29,,38.75997772415073,42.101355114163695
1716595200,52.21,,38.61147206237237,39.261184332652654
1716681600,53.73,,41.43307963616112,39.601509807561385
1716768000,53.91,,41.76721737516242,40.60392302456528
1716854400,54.76,,43.34509003155745,42.181795680960306
1716940800,53.24,,40.5234824577687,41.87859662149617
1717027200,53.27,,40.57917208093559,41.48258152342056
1717113600,51.99,,38.2030814924819,39.768578677062045
1717200000,50.68,,35.77130128086133,38.18451828475959
1717286400,51.11,,36.56951921291999,36.847967328754386
1717372800,52.77,,39.65101169482087,37.330610729534044
1717459200,53.95,,41.84147020605161,39.35400037126414
1717545600,55.62,,44.94152589567476,42.14466926551573
1717632000,51.87,,37.98032299981436,41.587773033846894
1717718400,50.02,,34.5461295711899,39.155992822226324
1717804800,50.34,,35.14015221830332,35.888868263102516
1717891200,51.79,,37.83181733803601,35.83936637584306
1717977600,50.88,,36.14256543530722,36.37151166388217
1718064000,52.49,,39.13124187859662,37.70187488397994
1718150400,50.56,,35.5485427881938,36.940783367365874
1718236800,49.23,,33.07963616112863,35.919806942639674
1718323200,48.56,,31.83590124373492,33.48802673101911
1718409600,48.03,,30.85205123445331,31.92252954643895
1718496000,47.9,,30.61072953406348,31.09956067075056
1718582400,48.81,,32.29998143679228,31.254254068436342
1718668800,50.06,,34.62038240207908,32.51036445764493
1718755200,48.6,,31.910154074624096,32.94350597116514
1718841600,48.28,,31.316131427510673,32.61555596807127
1718928000,47.11,,29.144236124002227,30.790173875378986
1719014400,46.43,,27.881937998886205,29.447435183466354
1719100800,48.23,,31.223315388899195,29.416496503929192
1719187200,50.96,,36.29107109708557,31.798774828290306
1719273600,48.14,,31.05624651939855,32.85687766846109
1719360000,47.05,,29.032856877668454,32.12672483138417
1719446400,47.94,,30.684982364952656,30.25802858733987
1719532800,45.4,,25.969927603489875,28.562588948703645
1719619200,43.47,,22.387228513087056,26.34737949384318
1719705600,45.44,,26.044180434379054,24.80044551698531
1719792000,44.71,,24.689066270651566,24.373491739372543
1719878400,42.33,,20.271022832745494,23.668089845925355
1719964800,45.36,,25.895674772600703,23.61858795866591
1720051200,47.53,,29.92389084833859,25.36352948456158
1720137600,48.98,,32.61555596807128,29.478373863003508
1720224000,48.21,,31.18618897345461,31.241878596621476
1720310400,50.99,,36.34676072025246,33.38283522059278
1720396800,51.03,,36.421013551141634,34.65132108161623
1720483200,50.05,,34.60181919435678,35.789864488583625
1720569600,48.69,,32.077222944124735,34.36668522987438
1720656000,48.54,,31.798774828290327,32.825938988923944
1720742400,46.32,,27.677742713940965,30.517913495452007
1720828800,49.18,,32.986820122517166,30.82111255491615
1720915200,49.3,,33.2095786151847,31.291380483880943
1721001600,54.52,,42.89957304622239,36.36532392797475
1721088000,56.49,,46.556524967514385,40.88855887630715
1721174400,58.28,,49.879339149805084,46.445145721180616
1721260800,57.1,,47.68888063857434,48.04158158529793
1721347200,60.8,,54.55726749582327,50.70849576140089
1721433600,62.65,,57.991460924447736,53.41253635294845
1721520000,66,,64.21013551141638,58.91962131056246
1721606400,67.63,,67.23593837015035,63.145844935338154
1721692800,63.91,,60.33042509745683,63.92549965967452
1721779200,61.39,,55.65249675143864,61.0729534063486
1721865600,61.81,,56.43215147577501,57.471691108223496
1721952000,60.1,,53.25784295526267,55.1141637274921
1722038400,55.04,,43.864859847781695,51.18495142627312
1722124800,52.65,,39.42825320215333,45.5169853350659
1722211200,51.73,,37.72043809170224,40.33785038054575
1722297600,50.62,,35.65992203452756,37.60287110946104
1722384000,48.73,,32.151475775013914,35.1772786337479
1722470400,49.81,,34.15630220902172,33.98923333952106
1722556800,51.4,,37.10785223686652,34.47187674030071
1722643200,51.45,,37.200668275478,36.154940907122075
1722729600,56.13,,45.88824948951179,40.06559000061876
1722816000,63.08,,51.663947797716155,44.917621854235314
1722902400,61.54,,49.151712887438826,48.90130339155559
1722988800,60.88,,48.07504078303427,49.630233822729735
1723075200,56.81,,41.435562805872756,46.22077215878195
1723161600,55.02,,38.51549755301795,42.67536704730832
1723248000,56.28,,40.57096247960848,40.17400761283306
1723334400,57.11,,41.18618866677681,40.09088289980107
1723420800,57.48,,41.768595041322314,41.17524872923586
1723507200,56.92,,40.72540576349786,41.226729823865654
1723593600,55.31,,38.05895992050349,40.18432024177454
1723680000,55.64,,38.60549850944022,39.12995473114718
1723766400,53.12,,34.43193110301424,37.03212984431931
1723852800,53.71,,35.409075852931444,36.14883515512863
1723939200,55.32,,38.07552169592581,35.97217621729049
1724025600,53.68,,35.35939052666446,36.28132935850723
1724112000,54.06,,35.98873799271283,36.47455007176769
1724198400,54.68,,37.01556806889699,36.12123219609142
1724284800,53.99,,35.872805564756554,36.292370542122114
1724371200,55.43,,38.25770122557138,37.04869161974163
1724457600,55.14,,37.77740973832395,37.30263884288396
1724544000,54.2,,36.22060284862538,37.41857127084023
1724630400,51.58,,31.881417687976153,35.293143424975156
1724716800,52.69,,33.71977475985426,33.94059843215192
1724803200,52.91,,34.084133819145414,33.22844208899193
1724889600,52.98,,34.200066247101695,34.00132494203378
1724976000,51.96,,32.51076515402452,33.59832174009053
1725062400,50.48,,30.05962239152037,32.256817930882185
1725148800,54.36,,36.48559125538258,33.01865960030915
1725235200,52.92,,34.100695594567746,33.54863641382356
1725321600,55.29,,38.02583636965883,36.20404107320305
1725408000,55.73,,38.75455448824114,36.96036215082257
1725494400,56.79,,40.510102683007624,39.09683118030253
1725580800,59.46,,44.93209672076848,41.39891796400574
1725667200,58.84,,43.90526664458431,43.11582201612013
1725753600,59.32,,44.700231864855915,44.512531743402896
1725840000,58.82,,43.87214309373965,44.15921386772663
1725926400,57.18,,41.15601192447831,43.242795627691294
1726012800,54.84,,37.2805564756542,40.76957049795739
1726099200,53.96,,35.82312023848958,38.0865628795407
1726185600,52.51,,33.421662802252406,35.5084465054654
1726272000,52.48,,33.371977475985425,34.20558683890914
1726358400,53.21,,34.58098708181518,33.79154245335101
1726444800,53.29,,34.71348128519377,34.222148614331466
1726531200,53.12,,34.43193110301424,34.575466490007734
1726617600,51.59,,31.897979463398485,33.68113061720217
1726704000,51.95,,32.494203378602194,32.94137131500498
1726790400,50.15,,29.51308380258364,31.301755548194777
1726876800,51.04,,30.987081815170587,30.998122998785476
1726963200,51.13,,31.136137793971525,30.545434470575255
1727049600,50.45,,30.009937065253403,30.711052224798507
1727136000,51.52,,31.782047035442208,30.976040631555716
1727222400,49.75,,28.850612785690632,30.21419896212875
1727308800,52.38,,33.20635972176218,31.279673180965005
1727395200,51.91,,32.42795627691289,31.494976261455232
1727481600,52.6,,33.57071878105334,33.06834492657613
1727568000,54.02,,33.56799450549452,33.18888985448691
1727654400,54.21,,33.894230769230774,33.67764801859287
1727740800,56.64,,38.06662087912088,35.17628205128206
1727827200,56.35,,37.56868131868133,36.50984432234433
1727913600,57.45,,39.45741758241759,38.364239926739934
1728000000,55.53,,36.16071428571429,37.72893772893773
1728086400,55.41,,35.600828729281766,37.072986865804545
1728172800,57.17,,38.60770426671274,36.78974909390292
1728259200,56.6,,37.623078251856974,37.27720374928382
1728345600,55.63,,35.94748661254103,37.3927563770369
1728432000,56.11,,36.77664536189325,36.78240340876374
1728518400,54.97,,34.807393332181725,35.84384176887199
1728604800,57.51,,39.19502504750389,36.92635458052629
1728691200,56.84,,38.03765762653309,37.34669200207289
1728777600,57.14,,36.97732104890149,38.07000124097948
1728864000,57.85,,38.235294117647065,37.75009093102721
1728950400,58.15,,35.606484069312465,36.939699745287
1729036800,57.44,,34.28358487050494,36.04178768582148
1729123200,56.4,,32.34581702999814,34.07862865660517
1729209600,55.18,,30.020510908073845,32.216637602858974
1729296000,54.7,,26.16550116550118,29.510609701191047
1729382400,56.66,,29.972804972804976,28.719605682126666
1729468800,55.69,,28.08857808857809,28.075628075628078
1729555200,55.77,,28.24397824397826,28.76845376845377
1729641600,56.29,,29.25407925407926,28.528878528878536
1729728000,57.3,,31.216006216006217,29.571354571354576
1729814400,58.08,,32.73115773115774,31.067081067081073
1729900800,55.36,,27.447552447552454,30.46490546490547
1729987200,57.18,,30.98290598290599,30.387205387205395
1730073600,57.78,,32.14840714840716,30.1929551929552
1730160000,59.83,,36.130536130536136,33.0872830872831
1730246400,59.11,,34.731934731934736,34.336959336959346
1730332800,58.23,,33.022533022533025,34.628334628334635
1730419200,59.77,,36.01398601398603,34.58948458948459
1730505600,60.26,,36.965811965811966,35.33411033411034
1730592000,62.49,,41.29759129759131,38.0924630924631
1730678400,64.97,,46.11499611499612,41.45946645946646
1730764800,63.71,,43.66744366744368,43.6933436933437
1730851200,55.97,,28.632478632478637,39.47163947163947
1730937600,53.55,,23.931623931623932,32.07718207718207
1731024000,49.85,,16.744366744366754,23.1028231028231
1731110400,50.54,,18.08469308469309,19.586894586894587
1731196800,53.28,,23.407148407148416,19.412069412069414
1731283200,61.52,,39.41336441336443,26.968401968401974
1731369600,57.69,,31.973581973581975,31.5980315980316
1731456000,58.54,,33.62470862470863,35.00388500388501
1731542400,59.46,,35.41181041181042,33.67003367003367
1731628800,56.29,,29.25407925407926,32.763532763532766
1731715200,56.84,,30.322455322455337,31.66278166278167
1731801600,57.23,,31.08003108003108,30.21885521885522
1731888000,58.3,,33.15850815850816,31.52033152033152
1731974400,58.25,,33.06138306138307,32.43330743330743
1732060800,60.18,,36.810411810411814,34.34343434343434
1732147200,61.29,,38.96658896658897,36.27946127946128
1732233600,60.78,,37.97591297591299,37.91763791763792
1732320000,60.89,,38.1895881895882,38.37736337736339
1732406400,64.09,,44.405594405594414,40.19036519036519
1732492800,60.65,,37.72338772338773,40.106190106190105
1732579200,61.23,,38.85003885003885,40.32634032634033
1732665600,59.73,,35.93628593628594,37.50323750323751
1732752000,57.55,,31.701631701631705,35.495985495985494
1732838400,56.11,,28.90442890442891,32.18078218078218
1732924800,55.17,,27.07847707847709,29.22817922817923
1733011200,57.2,,31.021756021756037,29.001554001554002
1733097600,55.94,,28.574203574203576,28.891478891478897
1733184000,56.5,,29.66200466200467,29.752654752654752
1733270400,57.17,,30.963480963480976,29.733229733229734
1733356800,60.96,,38.32556332556334,32.98368298368299
1733443200,58.44,,33.43045843045843,34.23983423983424
1733529600,57.2,,31.021756021756037,34.25925925925926
1733616000,58.15,,32.867132867132874,32.43978243978244
1733702400,59.74,,35.95571095571097,33.281533281533285
1733788800,59.18,,34.86790986790987,34.56358456358456
1733875200,59.94,,36.344211344211345,35.72261072261072
1733961600,60.14,,36.73271173271174,35.98161098161098
1734048000,59,,34.518259518259526,35.86506086506086
1734134400,58.08,,32.73115773115774,34.660709660709664
1734220800,60.65,,37.72338772338773,34.99093499093499
1734307200,58.54,,33.62470862470863,34.69308469308469
1734393600,59.51,,35.50893550893551,35.619010619010616
1734480000,60.49,,37.41258741258742,35.515410515410515
1734566400,59.6,,35.683760683760696,36.2017612017612
1734652800,58.87,,34.26573426573427,35.78736078736079
1734739200,57.87,,32.323232323232325,34.090909090909086
1734825600,61.43,,39.238539238539246,35.27583527583527
1734912000,60.21,,36.86868686868688,36.143486143486136
1734998400,60.83,,38.07303807303808,38.060088060088056
1735084800,60.73,,37.87878787878788,37.606837606837594
1735171200,61.67,,39.704739704739715,38.55218855218854
1735257600,60.61,,37.64568764568765,38.4097384097384
1735344000,60.43,,37.296037296037305,38.215488215488215
1735430400,60.48,,37.3931623931624,37.444962444962435
1735516800,61.03,,38.461538461538474,37.71691271691271
1735603200,60.03,,36.51903651903653,37.45791245791245
1735689600,61.1,,38.59751359751361,37.859362859362854
1735776000,59.85,,36.16938616938618,37.09531209531209
1735862400,58.74,,34.01320901320902,36.26003626003625
1735948800,59.87,,36.20823620823621,35.46361046361045
1736035200,59.55,,35.58663558663559,35.269360269360256
1736121600,58.84,,34.20745920745922,35.33411033411032
1736208000,58.6,,33.741258741258754,34.511784511784505
1736294400,58.47,,33.488733488733494,33.812483812483805
1736380800,59.47,,35.431235431235436,34.22040922040921
1736467200,57.19,,31.002331002331005,33.30743330743329
1736553600,58.52,,33.5858585858586,33.33980833980833
1736640000,59.57,,35.62548562548564,33.4045584045584
1736726400,61.25,,38.88888888888889,36.03341103341103
1736812800,60.87,,38.15073815073815,37.55503755503755
1736899200,61.23,,38.85003885003885,38.62988862988862
1736985600,62.56,,41.43356643356645,39.47811447811446
1737072000,63.19,,42.65734265734266,40.980315980315964
1737158400,65.04,,46.25097125097127,43.44729344729344
1737244800,66.02,,48.15462315462316,45.68764568764568
1737331200,63.07,,42.424242424242436,45.609945609945605
1737417600,61.92,,40.1903651903652,43.589743589743584
1737504000,61.04,,38.48096348096349,40.36519036519036
1737590400,60.08,,36.61616161616162,38.42916342916342
1737676800,57.37,,31.351981351981355,35.483035483035465
1737763200,57.05,,30.730380730380734,32.89950789950788
1737849600,56.74,,30.12820512820514,30.736855736855727
1737936000,59.05,,34.61538461538462,31.824656824656813
1738022400,56.2,,29.079254079254095,31.274281274281265
1738108800,56.15,,28.982128982128987,30.892255892255886
1738195200,54.64,,26.04895104895106,28.03677803677803
1738281600,53.32,,23.484848484848495,26.17197617197617
1738368000,53.77,,24.358974358974375,24.63092463092463
1738454400,57.04,,30.710955710955716,26.184926184926184
1738540800,56.94,,30.516705516705517,28.528878528878522
1738627200,54.03,,24.864024864024874,28.69722869722869
1738713600,54.53,,25.835275835275844,27.072002072002068
1738800000,53.91,,24.630924630924632,25.110075110075105
1738886400,54.17,,25.135975135975148,25.2007252007252
1738972800,53.49,,23.815073815073827,24.527324527324524
1739059200,54.21,,25.213675213675224,24.721574721574722
1739145600,52.4,,21.6977466977467,23.57549857549857
1739232000,54.23,,25.252525252525253,24.054649054649047
1739318400,51.49,,19.93006993006994,22.293447293447283
1739404800,51.76,,20.454545454545457,21.879046879046868
1739491200,51.6,,20.143745143745154,20.17612017612017
1739577600,50.61,,18.220668220668227,19.606319606319598
1739664000,50.84,,18.66744366744368,19.010619010619006
1739750400,51.73,,20.3962703962704,19.09479409479409
1739836800,51.69,,20.31857031857032,19.794094794094786
1739923200,49.15,,15.38461538461539,18.69981869981869
1740009600,49.06,,15.209790209790222,16.970991970991964
1740096000,48.71,,14.52991452991454,15.041440041440039
1740182400,48.6,,14.316239316239326,14.685314685314681
1740268800,48.47,,14.06371406371407,14.303289303289299
1740355200,47.07,,11.344211344211352,13.241388241388236
1740441600,48.59,,14.296814296814311,13.23491323491323
1740528000,51.3,,19.560994560994562,15.067340067340062
1740614400,51.68,,20.299145299145305,18.052318052318046
1740700800,50.76,,18.512043512043515,19.457394457394447
1740787200,51.87,,20.66822066822067,19.826469826469815
1740873600,55.47,,27.661227661227667,22.280497280497272
1740960000,59.48,,35.45066045066045,27.92670292670293
1741046400,62.07,,40.481740481740495,34.531209531209534
1741132800,57.6,,31.79875679875681,35.91038591038592
1741219200,60.15,,36.75213675213676,36.34421134421135
1741305600,54.32,,25.427350427350436,31.326081326081336
1741392000,52.66,,22.202797202797203,28.127428127428136
1741478400,59.1,,34.71250971250972,27.447552447552457
1741564800,59.57,,35.62548562548564,30.846930846930857
1741651200,59.9,,36.26651126651127,35.534835534835544
1741737600,56.89,,30.41958041958043,34.103859103859115
1741824000,55.42,,27.564102564102576,31.416731416731427
1741910400,53.27,,23.3877233877234,27.123802123802133
1741996800,53.46,,23.756798756798766,24.902874902874913
1742083200,55.27,,27.272727272727288,24.805749805749816
1742169600,52.86,,22.591297591297597,24.54027454027455
1742256000,52,,20.920745920745926,23.5949235949236
1742342400,54.02,,24.84459984459986,22.78554778554779
1742428800,49.01,,15.112665112665116,20.292670292670294
1742515200,47.56,,12.296037296037309,17.417767417767422
1742601600,48.88,,14.860139860139872,14.089614089614093
1742688000,47.66,,12.490287490287491,13.215488215488216
1742774400,47.32,,11.829836829836838,13.060088060088061
1742860800,46.99,,11.188811188811199,11.836311836311836
1742947200,47.27,,11.732711732711747,11.583786583786589
1743033600,46.61,,10.450660450660456,11.124061124061129
1743120000,49.93,,16.899766899766906,13.027713027713029
1743206400,52.69,,22.26107226107226,16.53716653716653
1743292800,53.73,,24.281274281274282,21.147371147371143
1743379200,51.02,,19.01709401709403,21.853146853146853
1743465600,49.55,,16.161616161616163,19.819994819994818
1743552000,52.61,,22.105672105672113,19.094794094794096
1743638400,52.64,,22.163947163947174,20.143745143745143
1743724800,55.33,,27.389277389277396,23.88629888629889
1743811200,57.1,,30.82750582750584,26.793576793576793
1743897600,59.59,,35.66433566433568,31.293706293706304
1743984000,52.79,,22.45532245532246,29.64905464905466
1744070400,56.84,,30.322455322455337,29.480704480704492
1744156800,53.04,,22.940947940947947,25.23957523957525
1744243200,53.56,,23.95104895104896,25.73815073815075
1744329600,56.15,,28.982128982128987,25.2913752913753
1744416000,57.45,,31.507381507381524,28.146853146853157
1744502400,56.29,,29.25407925407926,29.914529914529925
1744588800,53.31,,23.465423465423477,28.07562807562809
1744675200,50.39,,17.7933177933178,23.504273504273513
1744761600,49.58,,16.219891219891224,19.159544159544165
1744848000,48.41,,13.947163947163949,15.986790986790991
1744934400,46.9,,11.013986013986019,13.727013727013732
1745020800,48.29,,13.71406371406372,12.891737891737897
1745107200,48.2,,13.539238539238552,12.755762755762765
1745193600,49.16,,15.404040404040405,14.219114219114227
1745280000,52.69,,22.26107226107226,17.068117068117072
1745366400,49.42,,15.909090909090919,17.858067858067862
1745452800,46.96,,11.13053613053614,16.43356643356644
1745539200,46.45,,10.13986013986015,12.393162393162404
1745625600,47.42,,12.024087024087034,11.098161098161109
1745712000,48.12,,13.383838383838384,11.849261849261858
1745798400,47.05,,11.305361305361306,12.237762237762242
1745884800,46.17,,9.595959595959606,11.428386428386432
1745971200,45.07,,7.459207459207466,9.45350945350946
1746057600,46.11,,9.479409479409485,8.84485884485885
1746144000,44.54,,6.429681429681435,7.789432789432794
1746230400,44.9,,7.128982128982133,7.6793576793576825
1746316800,46.35,,9.945609945609956,7.83475783475784
1746403200,45,,7.323232323232331,8.132608132608137
1746489600,46.66,,10.547785547785548,9.272209272209277
1746576000,44.8,,6.934731934731935,8.26858326858327
1746662400,45.88,,9.032634032634045,8.838383838383843
1746748800,45.78,,8.838383838383848,8.268583268583276
1746835200,47.13,,11.460761460761473,9.777259777259788
1746921600,47.13,,11.460761460761473,10.586635586635596
1747008000,45.44,,8.17793317793318,10.366485366485376
1747094400,45.71,,8.702408702408711,9.447034447034454
1747180800,44.79,,6.91530691530692,7.931882931882936
1747267200,43.57,,4.545454545454552,6.721056721056726
1747353600,42.62,,2.7000777000777014,4.720279720279723
1747440000,43.13,,3.690753690753702,3.6454286454286504
1747526400,44.93,,7.1872571872571935,4.526029526029531
1747612800,44.02,,5.4195804195804325,5.4325304325304415
1747699200,47.3,,11.790986790986791,8.132608132608139
1747785600,49.13,,15.345765345765358,10.85211085211086
1747872000,49,,15.093240093240102,14.076664076664082
1747958400,47.68,,12.529137529137534,14.322714322714331
1748044800,47.53,,12.237762237762247,13.286713286713294
1748131200,48.96,,15.015540015540026,13.260813260813267
1748217600,47.13,,11.460761460761473,12.904687904687913
1748304000,46.16,,9.576534576534577,12.017612017612024
1748390400,45.24,,7.7894327894328,9.608909608909615
1748476800,44.61,,6.56565656565657,7.977207977207981
1748563200,43.71,,4.817404817404825,6.390831390831395
1748649600,45.88,,9.032634032634045,6.80523180523181
1748736000,45.13,,7.575757575757588,7.141932141932149
1748822400,42.97,,3.379953379953384,6.6627816627816685
1748908800,42.83,,3.108003108003111,4.68790468790469
1748995200,42.18,,1.845376845376851,2.777777777777778
1749081600,42.76,,2.9720279720279743,2.641802641802642
1749168000,40.53,,0.019160758766043326,1.612188525390286
1749254400,41.99,,2.8166315386089273,1.935940089800978
1749340800,42.52,,3.832151753209428,2.2226480168614624
1749427200,42.61,,4.004598582103845,3.5511272913073966
1749513600,42.51,,3.812990994443371,3.883247109918877
1749600000,40.95,,0.8239126269400264,2.8805007344957434
1749686400,39.77,,0.3763643206624066,1.671089314015264
1749772800,40.72,,2.1640948438088046,1.1214572638037459
1749859200,41,,2.6910048927361685,1.74382135240246
1749945600,42.32,,5.175009409108017,3.3433697152176634
1750032000,41.73,,4.064734663153927,3.9769163216660375
1750118400,41.62,,3.8577342867896074,4.365826119683851
1750204800,39.69,,0.22581859239743593,2.71609584744699
1750291200,40.21,,1.204365826119685,1.762639568435576
1750377600,40.67,,3.055141579731745,1.4951086660829551
1750464000,41.01,,3.9212042371306444,2.7269038809940245
1750550400,41.75,,5.29641330607694,4.090919707646443
1750636800,39.86,,1.7840550083627595,3.667224183856781
1750723200,39.05,,0.27875859505667827,2.453075636498792
1750809600,38.4,,0.9122422915526365,0.9916852983240242
1750896000,38.25,,0.9818181818181804,0.7242730228091648
1750982400,38.1,,3.2423812898653415,1.7121472544120528
1751068800,37.71,,2.551381998582562,2.258527156755361
1751155200,39.34,,5.439404677533665,3.744389321993856
1751241600,37.74,,2.6045357902197006,3.531774155445309
1751328000,37.61,,2.374202693125437,3.4727143869596007
1751414400,39.6,,5.900070871722181,3.6262697850224392
1751500800,39.08,,4.978738483345138,4.417670682730919
1751587200,39.21,,5.209071580439401,5.362626978502241
1751673600,38.54,,4.021970233876677,4.736593432553739
1751760000,38.98,,4.801559177888012,4.67753366406803
1751846400,38.71,,4.323175053153788,4.382234821639493
1751932800,37.77,,2.6576895818568396,3.927474604299546
1752019200,38.77,,4.429482636428066,3.8034490904795644
1752105600,38.62,,4.163713678242372,3.7502952988424254
1752192000,37.94,,2.9588944011339384,3.850696905268125
1752278400,38.2,,3.4195605953224666,3.514056224899592
1752364800,39.24,,5.26222537207654,3.8802267895109814
1752451200,39.64,,5.970942593905029,4.884242853768011
1752537600,39.93,,6.484762579730683,5.90597684857075
1752624000,39.07,,4.961020552799429,5.805575242145046
1752710400,39.47,,5.669737774627916,5.705173635719341
1752796800,38.6,,4.128277817150955,4.919678714859433
1752883200,38.85,,4.571226080793761,4.789747224190877
1752969600,39.23,,5.244507441530819,4.648003779825178
1753056000,39.28,,5.333097094259387,5.049610205527989
1753142400,39.88,,6.396172927002127,5.657925820930778
1753228800,39.58,,5.864635010630751,5.864635010630756
1753315200,40.22,,6.998582565556336,6.419796834396404
1753401600,40.06,,6.715095676824946,6.526104417670678
1753488000,38.95,,4.748405386250886,6.154027876210723
1753574400,39.37,,5.492558469170792,5.652019844082208
1753660800,38.27,,3.5435861091424528,4.594849988188043
1753747200,35.18,,0.5531547104580818,3.1964330962571084
1753833600,36.13,,2.1953327571305157,2.097357858910349
1753920000,36.73,,3.232497839239408,1.993661768942668
1754006400,38.42,,6.153846153846159,3.8605589167386944
1754092800,37.67,,4.85738980121003,4.747911264765199
1754179200,38.03,,5.4796888504753705,5.496974935177186
1754265600,36.89,,3.5090751944684553,4.6153846153846185
1754352000,36.01,,3.157605711147717,4.048789918697181
1754438400,34.88,,0.05491488193301242,2.240531929183062
1754524800,35.66,,4.504021447721178,2.5721806802673024
1754611200,34.4,,2.304635761589397,2.2878573637478623
1754697600,35.07,,4.079470198675494,3.629375802662023
1754784000,35.43,,5.033112582781453,3.8057395143487818
1754870400,36.56,,8.026490066225168,5.713024282560705
1754956800,36.94,,9.033112582781447,7.364238410596023
1755043200,39,,14.49006622516556,10.516556291390724
1755129600,36.95,,9.059602649006626,10.860927152317878
1755216000,35.37,,4.874172185430454,9.474613686534212
1755302400,35.38,,4.900662251655633,6.278145695364237
1755388800,35.83,,6.0927152317880715,5.289183222958052
1755475200,35.99,,6.516556291390731,5.836644591611478
1755561600,37.87,,11.496688741721846,8.035320088300216
1755648000,36.02,,6.59602649006623,8.203090507726268
1755734400,37.25,,9.854304635761586,9.315673289183222
1755820800,34.53,,2.6490066225165565,6.366445916114792
1755907200,34.97,,3.8145695364238352,5.439293598233994
1755993600,35.07,,4.079470198675494,3.5143487858719635
1756080000,37.93,,11.655629139072845,6.516556291390727
1756166400,36.92,,8.980132450331128,8.23841059602649
1756252800,37.91,,11.602649006622505,10.74613686534216
1756339200,36.95,,9.059602649006626,9.880794701986753
1756425600,38.98,,14.43708609271522,11.699779249448119
1756512000,38.85,,14.092715231788079,12.52980132450331
1756598400,39.62,,16.13245033112582,14.88741721854304
1756684800,39.5,,15.814569536423837,15.346578366445913
1756771200,38.8,,13.96026490066224,15.302428256070632
1756857600,38.85,,14.092715231788079,14.622516556291387
1756944000,38.48,,13.112582781456942,13.721854304635755
1757030400,37.49,,10.490066225165567,12.56512141280353
1757116800,37.76,,11.205298013245024,11.602649006622512
1757203200,37.9,,11.576158940397345,11.090507726269314
1757289600,37.08,,9.403973509933767,10.728476821192046
1757376000,37.36,,10.145695364238406,10.375275938189839
1757462400,36.95,,9.059602649006626,9.5364238410596
1757548800,35.26,,4.582781456953634,7.929359823399555
1757635200,34.66,,2.9933774834436964,5.5452538631346515
1757721600,34.28,,1.9867549668874172,3.1876379690949146
1757808000,34.41,,2.3311258278145575,2.437086092715222
1757894400,35.56,,5.377483443708612,3.231788079470194
1757980800,36.52,,7.920529801324509,5.209713024282558
1758067200,35.55,,5.350993377483433,6.216335540838849
1758153600,33.81,,2.447279354334821,5.239600844380919
1758240000,34.78,,4.972663368914354,4.2569787002442006
1758326400,34.48,,4.191616766467064,3.8705198299054104
1758412800,34.51,,4.269721426711794,4.4780005206977345
1758499200,35.17,,5.988023952095819,4.81645404842489
1758585600,37.14,,11.116896641499617,7.124880673435741
1758672000,36.17,,8.591512626920084,8.565477740171838
1758758400,37.69,,12.548815412652953,10.752408227024214
1758844800,36.55,,9.580838323353293,10.240388787642106
1758931200,36.42,,9.24238479562615,10.457346177210797
1759017600,35.86,,7.784431137724556,8.869218085567997
1759104000,36.39,,9.16428013538142,8.730365356244038
1759190400,36.61,,9.737047643842754,8.895252972316241
1759276800,37.12,,11.064826868003124,9.98871821574243
1759363200,37.39,,11.767768810205684,10.856547774017185
1759449600,38.03,,13.434001562093213,12.08886574676734
1759536000,38.03,,13.434001562093213,12.87859064479737
1759622400,37.95,,13.225722468107277,13.364575197431234
1759708800,39.26,,16.63629263212705,14.43200555410918
1759795200,39.28,,16.688362405623543,15.516792501952622
1759881600,39.44,,17.104920593595416,16.809858543782003
1759968000,39.73,,17.859932309294454,17.217738436171135
1760054400,44.11,,29.263212705024735,21.4093552026382
1760140800,46.15,,34.57432960166623,27.232491538661804
1760227200,46.24,,34.80864358240043,32.88206196303046
1760313600,43.38,,27.36266597240303,32.248546385489895
1760400000,45.01,,31.60635251236657,31.259220689056672
1760486400,45.25,,32.2311897943244,30.400069426364666
1760572800,47.78,,38.81801614162979,34.21851948277359
1760659200,50,,44.597760999739656,38.548988978564616
1760745600,49.08,,42.20255141890132,41.872776186756916
1760832000,47.68,,38.55766727414736,41.78599323092944
1760918400,45.95,,34.05363186670139,38.271283519916686
1761004800,49.27,,42.69721426711794,38.43617113598889
1761091200,50.7,,46.42020307211664,41.05701640197865
1761177600,45.13,,31.918771153345492,40.34539616419335
1761264000,42.84,,25.95678208799793,34.76525210448668
1761350400,42.9,,26.112991408487375,27.99618154994359
1761436800,43.91,,28.742514970059876,26.937429488848384
1761523200,42.82,,25.904712314501435,26.920072897682886
1761609600,42.39,,24.785212184327005,26.477479822962763
1761696000,45.07,,31.76256183285603,27.48416211056148
1761782400,44.85,,31.189794324394697,29.245856113859237
1761868800,43.31,,27.18042176516533,30.044259307472014
1761955200,43.49,,27.6490497266337,28.673088605397897
1762041600,44.12,,29.289247591772973,28.03957302785733
1762128000,45.73,,33.48086435824004,30.13972055888223
1762214400,47.79,,38.844051028378026,33.87138765946367
1762300800,46.55,,35.61572507159593,35.98021348607133
1762387200,46.94,,36.6310856547774,37.03028725158378
1762473600,44.61,,30.56495704243687,34.270589256270064
1762560000,44.88,,31.267898984639427,32.82131389395123
1762646400,45.11,,31.866701379849,31.233185802308427
1762732800,44.3,,29.75787555324134,30.96415863924325
1762819200,46.61,,35.7719343920854,32.46550377505857
1762905600,46.07,,34.36605050768029,33.29862015100234
1762992000,46.52,,35.53762041135122,35.2252017703723
1763078400,49.71,,43.84274928404062,37.91547340102404
1763164800,48.5,,40.692527987503254,40.024299227631694
1763251200,49.64,,43.66050507680292,42.731927449448925
1763337600,50.62,,46.21192397813069,43.52165234747895
1763424000,50.52,,45.95157511064828,45.274668055193956
1763510400,51.04,,47.30538922155689,46.489629436778614
1763596800,54.65,,56.703983337672476,49.98698255662587
1763683200,57.38,,63.81150741994273,55.940293326390695
1763769600,59.16,,68.44571726112991,62.9870693395817
1763856000,56.5,,61.52043738609738,64.59255402239
1763942400,53.31,,53.215308513407976,61.060487720211746
1764028800,52.56,,51.26269200728977,55.33281263559837
1764115200,49.92,,44.38948190575372,49.62249414215048
1764201600,49.31,,42.80135381411092,46.15117590905145
1764288000,48.7,,41.21322572246812,42.801353814110904
1764374400,49.13,,42.33272585264255,42.11576846307384
1764460800,48.78,,41.42150481645405,41.655818797188225
1764547200,53.13,,52.746680551939605,45.500303740345394
1764633600,49.24,,42.61910960687322,45.59576499175561
1764720000,47.44,,37.93282999218953,44.43287338366744
1764806400,48.03,,39.468888310335856,40.006942636466185
1764892800,48.94,,41.838063004425926,39.74659376898376
1764979200,49,,41.994272324915386,41.10040787989237
1765065600,49.65,,43.686539963551155,42.50629176429748
1765152000,49.01,,42.02030721166363,42.56703983337671
1765238400,46.44,,35.32934131736527,40.34539616419334
1765324800,44.92,,31.372038531632395,36.24056235355375
1765411200,44.46,,30.174433741213235,32.291937863403625
1765497600,44.22,,29.549596459255405,30.365356244033666
1765584000,44.65,,30.669096589429834,30.131042263299477
1765670400,46.74,,36.11038791981256,32.109693656165916
1765756800,46.68,,35.95417859932309,34.244554369521815
1765843200,45.69,,33.376724811247065,35.147097110127554
1765929600,47,,36.78729497526686,35.37273279527899
1766016000,47.48,,38.0369695391825,36.066996441898795
1766102400,45.06,,31.736526946107794,35.5202638201857
1766188800,45.11,,31.866701379849,33.88006595504641
1766275200,45.07,,31.76256183285603,31.788596719604254
1766361600,45.09,,31.814631606352528,31.814631606352503
1766448000,43.4,,27.414735745899502,30.33064306170267
1766534400,42.81,,25.8786774277532,28.369348260001725
1766620800,42.55,,25.201770372298878,26.165061181983845
1766707200,41.04,,21.270502473314245,24.116983424455423
1766793600,41.83,,23.32725852642541,23.266510457346158
1766880000,42.11,,24.05623535537621,22.88466545170527
1766966400,42.25,,24.420723769851605,23.934739217217725
1767052800,42.79,,25.82660765425671,24.76785559316149
1767139200,43.01,,26.39937516271804,25.548902195608765
1767225600,42.22,,24.342619109606876,25.522867308860526
1767312000,43.43,,27.492840406144236,26.078278226156367
1767398400,44.4,,30.01822442072377,27.284561312158274
1767484800,44.39,,29.99218953397553,29.167751453614496
1767571200,43.94,,28.820619630304606,29.61034452833462
1767657600,44.09,,29.21114293152826,29.341317365269447
1767744000,44.64,,30.643061702681596,29.558274754838138
1767830400,43.24,,26.998177557927633,28.950794064045812
1767916800,40.52,,19.916688362405637,25.852642541004936
1768003200,41.03,,21.244467586566007,22.71977783563307
1768089600,41.68,,22.936735225201772,21.365963724724452
1768176000,41.27,,21.869304868523834,22.01683589343052
1768262400,41.69,,22.96277011195001,22.589603401891853
1768348800,40.81,,20.67170007810467,21.83459168619282
1768435200,40.61,,20.15100234313981,21.26182417773148
1768521600,38.27,,14.058838844051042,18.29384708843182
1768608000,39.08,,16.167664670658684,16.792501952616494
1768694400,40.23,,19.161676646706585,16.462726720472087
1768780800,39.7,,17.78182764904974,17.703722988804987
1768867200,42.23,,29.240862230552953,22.061455508769743
1768953600,40.14,,22.711652608559838,23.244780829387494
1769040000,38.88,,18.775382692908483,23.575965844007076
1769126400,38.06,,16.21368322399252,19.233572841820266
1769212800,38.27,,16.869728209934415,17.286264708945126
1769299200,41.16,,25.898156825991876,19.660522753306257
1769385600,38.75,,18.369259606373017,20.379048214099758
1769472000,38.2,,16.651046547953783,20.30615432677288
1769558400,38,,16.026241799437685,17.015515984588152
1769644800,41.55,,27.116526085598252,19.93127147766323
1769731200,40.45,,23.68009996875978,22.274289284598563
1769817600,47.58,,45.95438925335833,32.250338435905455
1769904000,48.27,,48.109965635738845,39.24815161928565
1769990400,46.29,,41.92439862542956,45.329584504842245
1770076800,51.74,,58.95032802249299,49.661564094553796
1770163200,53.47,,64.35488909715714,55.07653858169323
1770249600,82.62,,86.58197006613298,69.96239572859436
1770336000,58.85,,45.21406195614341,65.3836403731445
1770422400,59.35,,46.08423250957188,59.29342151061609
1770508800,57.29,,42.499129829446574,44.599141431720625
1770595200,54.46,,37.57396449704143,42.05244227868662
1770681600,54.84,,38.235294117647065,39.43612948137835
1770768000,55.29,,39.01844761573268,38.27590207680706
1770854400,55.28,,39.00104420466412,38.75159531268128
1770940800,52.04,,33.36233901844762,37.12727694628146
1771027200,49.89,,29.62060563870519,33.99466295393896
1771113600,51.28,,32.039679777236344,31.67420814479638
1771200000,52.19,,33.62339018447616,31.761225200139226
1771286400,52.01,,33.31012878524191,32.9910662489848
1771372800,53.67,,36.19909502262444,34.3775379974475
1771459200,52.66,,34.44135050469892,34.65019143752175
1771545600,51.43,,32.30073094326488,34.31372549019608
1771632000,51.7,,32.77062304211626,33.170901496693354
1771718400,52,,33.292725374173344,32.78802645318483
1771804800,56.1,,40.428123912286814,35.4971574428588
1771891200,57.77,,43.33449356073791,39.01844761573269
1771977600,53.59,,36.05986773407589,39.94082840236687
1772064000,52.19,,33.62339018447616,37.67258382642998
1772150400,52.55,,34.24991298294466,34.6443903004989
1772236800,55.21,,38.879220327184136,35.58417449820164
1772323200,55.07,,38.63557257222416,37.254901960784316
1772409600,53.38,,35.69439610163593,37.736396333681405
1772496000,55.41,,39.227288548555514,37.85241907413854
1772582400,55.5,,39.383919248172646,38.10186796612137
1772668800,54.71,,38.00904977375566,38.87341919016128
1772755200,55.52,,39.41872607030979,38.9372316974127
1772841600,58.63,,44.831186912634884,40.75298758556678
1772928000,60.45,,47.998607727114525,44.0828402366864
1773014400,55.49,,39.36651583710408,44.06543682561784
1773100800,55.04,,38.58336233901845,41.98282863441236
1773187200,53.93,,36.65158371040724,38.20048729550992
1773273600,54.26,,37.22589627567003,37.48694744169858
1773360000,52.98,,34.99825965889314,36.29191321499014
1773446400,53.26,,35.485555168813086,35.903237034458755
1773532800,52.89,,34.84162895927602,35.108481262327416
1773619200,52.81,,34.70240167072747,35.00986193293886
1773705600,51.42,,32.28332753219632,33.94245272073328
1773792000,53.77,,36.37312913331014,34.452952778744645
1773878400,54.27,,37.24329968673861,35.29991878408169
1773964800,54.44,,37.53915767490428,37.05186216498435
1774051200,55.22,,38.8966237382527,37.89302703329853
1774137600,56.74,,41.54194222067526,39.32590787794408
1774224000,53.53,,35.95544726766447,38.79800440886414
1774310400,52.68,,34.476157326836066,37.3245156050586
1774396800,51.04,,31.621997911590675,34.017867502030406
1774483200,52.54,,34.23250957187609,33.44355493676761
1774569600,53.71,,36.26870866689872,34.041072050121834
1774656000,53.74,,36.32091890010443,35.60737904629308
1774742400,54.56,,37.74799860772712,36.77920872491009
1774828800,55.3,,39.035851026801254,37.70158951154427
1774915200,52.25,,33.72781065088758,36.837220095138655
1775001600,51.49,,32.40515140967631,35.05627102912172
1775088000,50.85,,31.29133310128786,32.474765053950584
1775174400,47.41,,25.304559693699964,29.667014734888046
1775260800,47.37,,25.234946049425687,27.276946281471172
1775347200,47.53,,25.513400626522806,25.350968789882824
1775433600,48.99,,28.054298642533944,26.26754843949415
1775520000,47.37,,25.234946049425687,26.26754843949415
1775606400,44.35,,19.979115906717723,24.42278686622579
1775692800,44.52,,20.274973894883406,21.82967861700895
1775779200,43.14,,17.87330316742082,19.375797656340655
1775865600,44.61,,20.431604594500527,19.526627218934923
1775952000,45.43,,21.85868430212322,20.05453068801486
1776038400,44.01,,19.387399930386355,20.55922960900337
1776124800,44.1,,19.544030630003487,20.263371620837688
1776211200,43.92,,19.230769230769237,19.387399930386362
1776297600,42.33,,16.46362687086669,18.412808910546474
1776384000,41.12,,14.357814131569787,16.68407007773524